,0,1,2
0,Anxiety_Forum,ADHD_Forum,manicstreetpreacher
1,Autism_and_Mental_Health_Forum,ADHD_Forum,Blue Monday
2,Depression_Forum,Anxiety_Forum,Ampleforth
3,Anxiety_Forum,ADHD_Forum,Ampleforth
4,ADHD_Forum,Eating_Disorders_Forum,Ampleforth
5,Eating_Disorders_Forum,Borderline_Personality_Disorder_Forum,Ampleforth
6,Borderline_Personality_Disorder_Forum,Bipolar_Forum,Ampleforth
7,Anxiety_Forum,Depression_Forum,The Emcee
8,Depression_Forum,ADHD_Forum,The Emcee
9,ADHD_Forum,Eating_Disorders_Forum,The Emcee
10,Depression_Forum,Delusional_Disorder_Forum,Aurelius
11,Delusional_Disorder_Forum,"Dissociation,_Depersonalisation_and_Derealisation",Aurelius
12,"Dissociation,_Depersonalisation_and_Derealisation",Anxiety_Forum,Aurelius
13,Anxiety_Forum,ADHD_Forum,Aurelius
14,ADHD_Forum,Eating_Disorders_Forum,Aurelius
15,Eating_Disorders_Forum,Borderline_Personality_Disorder_Forum,Aurelius
16,Borderline_Personality_Disorder_Forum,Bipolar_Forum,Aurelius
17,Bipolar_Forum,Autism_and_Mental_Health_Forum,Aurelius
18,Bipolar_Forum,ADHD_Forum,SFGuy
19,Depression_Forum,Delusional_Disorder_Forum,shadows1197
20,Delusional_Disorder_Forum,"Dissociation,_Depersonalisation_and_Derealisation",shadows1197
21,"Dissociation,_Depersonalisation_and_Derealisation",Anxiety_Forum,shadows1197
22,Anxiety_Forum,ADHD_Forum,shadows1197
23,ADHD_Forum,Eating_Disorders_Forum,shadows1197
24,Eating_Disorders_Forum,Borderline_Personality_Disorder_Forum,shadows1197
25,Borderline_Personality_Disorder_Forum,Bipolar_Forum,shadows1197
26,Dementia_Forum,Depression_Forum,Liam2
27,Depression_Forum,Anxiety_Forum,Liam2
28,Anxiety_Forum,ADHD_Forum,Liam2
29,ADHD_Forum,Borderline_Personality_Disorder_Forum,Liam2
30,Anxiety_Forum,Depression_Forum,CodylikesPizza
31,Depression_Forum,ADHD_Forum,CodylikesPizza
32,ADHD_Forum,"Dissociation,_Depersonalisation_and_Derealisation",CodylikesPizza
33,Dementia_Forum,Depression_Forum,Tawny
34,Depression_Forum,Delusional_Disorder_Forum,Tawny
35,Delusional_Disorder_Forum,"Dissociation,_Depersonalisation_and_Derealisation",Tawny
36,"Dissociation,_Depersonalisation_and_Derealisation",Anxiety_Forum,Tawny
37,Anxiety_Forum,ADHD_Forum,Tawny
38,ADHD_Forum,Eating_Disorders_Forum,Tawny
39,Eating_Disorders_Forum,Borderline_Personality_Disorder_Forum,Tawny
40,Borderline_Personality_Disorder_Forum,Bipolar_Forum,Tawny
41,Bipolar_Forum,Autism_and_Mental_Health_Forum,Tawny
42,Borderline_Personality_Disorder_Forum,ADHD_Forum,stargaze9000
43,Depression_Forum,Anxiety_Forum,peterhans
44,Anxiety_Forum,ADHD_Forum,peterhans
45,ADHD_Forum,Eating_Disorders_Forum,peterhans
46,Eating_Disorders_Forum,Borderline_Personality_Disorder_Forum,peterhans
47,Borderline_Personality_Disorder_Forum,Bipolar_Forum,peterhans
48,Bipolar_Forum,Autism_and_Mental_Health_Forum,peterhans
49,Dementia_Forum,Depression_Forum,QueenFan
50,Depression_Forum,"Dissociation,_Depersonalisation_and_Derealisation",QueenFan
51,"Dissociation,_Depersonalisation_and_Derealisation",Anxiety_Forum,QueenFan
52,Anxiety_Forum,ADHD_Forum,QueenFan
53,ADHD_Forum,Eating_Disorders_Forum,QueenFan
54,Eating_Disorders_Forum,Borderline_Personality_Disorder_Forum,QueenFan
55,Borderline_Personality_Disorder_Forum,Bipolar_Forum,QueenFan
56,Bipolar_Forum,Autism_and_Mental_Health_Forum,QueenFan
57,Bipolar_Forum,Depression_Forum,Mr.NiceGuy
58,Depression_Forum,ADHD_Forum,Mr.NiceGuy
59,Borderline_Personality_Disorder_Forum,ADHD_Forum,EmilySloth
60,ADHD_Forum,"Dissociation,_Depersonalisation_and_Derealisation",EmilySloth
61,Depression_Forum,"Dissociation,_Depersonalisation_and_Derealisation",Sossmile
62,"Dissociation,_Depersonalisation_and_Derealisation",Anxiety_Forum,Sossmile
63,Anxiety_Forum,ADHD_Forum,Sossmile
64,ADHD_Forum,Eating_Disorders_Forum,Sossmile
65,Dementia_Forum,Depression_Forum,stevie_sloth
66,Depression_Forum,Delusional_Disorder_Forum,stevie_sloth
67,Delusional_Disorder_Forum,"Dissociation,_Depersonalisation_and_Derealisation",stevie_sloth
68,"Dissociation,_Depersonalisation_and_Derealisation",Anxiety_Forum,stevie_sloth
69,Anxiety_Forum,ADHD_Forum,stevie_sloth
70,ADHD_Forum,Eating_Disorders_Forum,stevie_sloth
71,Eating_Disorders_Forum,Borderline_Personality_Disorder_Forum,stevie_sloth
72,Borderline_Personality_Disorder_Forum,Bipolar_Forum,stevie_sloth
73,Bipolar_Forum,Autism_and_Mental_Health_Forum,stevie_sloth
74,Anxiety_Forum,Bipolar_Forum,Freespirit777
75,Bipolar_Forum,Depression_Forum,Freespirit777
76,Depression_Forum,ADHD_Forum,Freespirit777
77,Depression_Forum,Delusional_Disorder_Forum,Orangeade
78,Delusional_Disorder_Forum,"Dissociation,_Depersonalisation_and_Derealisation",Orangeade
79,"Dissociation,_Depersonalisation_and_Derealisation",Anxiety_Forum,Orangeade
80,Anxiety_Forum,ADHD_Forum,Orangeade
81,ADHD_Forum,Eating_Disorders_Forum,Orangeade
82,Eating_Disorders_Forum,Borderline_Personality_Disorder_Forum,Orangeade
83,Borderline_Personality_Disorder_Forum,Bipolar_Forum,Orangeade
84,Bipolar_Forum,Autism_and_Mental_Health_Forum,Orangeade
85,Dementia_Forum,Depression_Forum,Misssad1111
86,Depression_Forum,Delusional_Disorder_Forum,Misssad1111
87,Delusional_Disorder_Forum,"Dissociation,_Depersonalisation_and_Derealisation",Misssad1111
88,"Dissociation,_Depersonalisation_and_Derealisation",ADHD_Forum,Misssad1111
89,ADHD_Forum,Eating_Disorders_Forum,Misssad1111
90,Dementia_Forum,Depression_Forum,Zackthemaniac
91,Depression_Forum,Anxiety_Forum,Zackthemaniac
92,Anxiety_Forum,ADHD_Forum,Zackthemaniac
93,ADHD_Forum,Eating_Disorders_Forum,Zackthemaniac
94,Eating_Disorders_Forum,Bipolar_Forum,Zackthemaniac
95,Bipolar_Forum,Autism_and_Mental_Health_Forum,Zackthemaniac
96,Depression_Forum,Anxiety_Forum,Nouress
97,Anxiety_Forum,ADHD_Forum,Nouress
98,ADHD_Forum,Borderline_Personality_Disorder_Forum,Nouress
99,Borderline_Personality_Disorder_Forum,Bipolar_Forum,Nouress
100,Bipolar_Forum,Autism_and_Mental_Health_Forum,Nouress
101,Anxiety_Forum,Borderline_Personality_Disorder_Forum,Fred007
102,Borderline_Personality_Disorder_Forum,ADHD_Forum,Fred007
103,ADHD_Forum,"Dissociation,_Depersonalisation_and_Derealisation",Fred007
104,Dementia_Forum,Depression_Forum,Hoggle
105,Depression_Forum,Delusional_Disorder_Forum,Hoggle
106,Delusional_Disorder_Forum,"Dissociation,_Depersonalisation_and_Derealisation",Hoggle
107,"Dissociation,_Depersonalisation_and_Derealisation",Anxiety_Forum,Hoggle
108,Anxiety_Forum,ADHD_Forum,Hoggle
109,ADHD_Forum,Eating_Disorders_Forum,Hoggle
110,Eating_Disorders_Forum,Borderline_Personality_Disorder_Forum,Hoggle
111,Borderline_Personality_Disorder_Forum,Bipolar_Forum,Hoggle
112,Bipolar_Forum,Autism_and_Mental_Health_Forum,Hoggle
113,"Dissociation,_Depersonalisation_and_Derealisation",Anxiety_Forum,ADDlad66
114,Anxiety_Forum,ADHD_Forum,ADDlad66
115,ADHD_Forum,Borderline_Personality_Disorder_Forum,ADDlad66
116,Borderline_Personality_Disorder_Forum,Bipolar_Forum,ADDlad66
117,ADHD_Forum,Eating_Disorders_Forum,Lilbatty123
118,Depression_Forum,Delusional_Disorder_Forum,Special Friend
119,Delusional_Disorder_Forum,"Dissociation,_Depersonalisation_and_Derealisation",Special Friend
120,"Dissociation,_Depersonalisation_and_Derealisation",Anxiety_Forum,Special Friend
121,Anxiety_Forum,ADHD_Forum,Special Friend
122,ADHD_Forum,Eating_Disorders_Forum,Special Friend
123,Eating_Disorders_Forum,Bipolar_Forum,Special Friend
124,Bipolar_Forum,Autism_and_Mental_Health_Forum,Special Friend
125,Dementia_Forum,Depression_Forum,Zoe1
126,Depression_Forum,"Dissociation,_Depersonalisation_and_Derealisation",Zoe1
127,"Dissociation,_Depersonalisation_and_Derealisation",Anxiety_Forum,Zoe1
128,Anxiety_Forum,ADHD_Forum,Zoe1
129,ADHD_Forum,Eating_Disorders_Forum,Zoe1
130,Eating_Disorders_Forum,Borderline_Personality_Disorder_Forum,Zoe1
131,Borderline_Personality_Disorder_Forum,Bipolar_Forum,Zoe1
132,Bipolar_Forum,Autism_and_Mental_Health_Forum,Zoe1
133,Depression_Forum,Anxiety_Forum,akunin
134,Anxiety_Forum,ADHD_Forum,akunin
135,ADHD_Forum,Eating_Disorders_Forum,akunin
136,Eating_Disorders_Forum,Borderline_Personality_Disorder_Forum,akunin
137,Dementia_Forum,Depression_Forum,Leggyane
138,Depression_Forum,"Dissociation,_Depersonalisation_and_Derealisation",Leggyane
139,"Dissociation,_Depersonalisation_and_Derealisation",Anxiety_Forum,Leggyane
140,Anxiety_Forum,ADHD_Forum,Leggyane
141,ADHD_Forum,Eating_Disorders_Forum,Leggyane
142,Eating_Disorders_Forum,Borderline_Personality_Disorder_Forum,Leggyane
143,Borderline_Personality_Disorder_Forum,Bipolar_Forum,Leggyane
144,Bipolar_Forum,Autism_and_Mental_Health_Forum,Leggyane
145,Anxiety_Forum,ADHD_Forum,Traveler5
146,ADHD_Forum,Dementia_Forum,Traveler5
147,"Dissociation,_Depersonalisation_and_Derealisation",Anxiety_Forum,Willy Windows
148,Anxiety_Forum,ADHD_Forum,Willy Windows
149,ADHD_Forum,Eating_Disorders_Forum,Willy Windows
150,Eating_Disorders_Forum,Autism_and_Mental_Health_Forum,Willy Windows
151,Dementia_Forum,Delusional_Disorder_Forum,Zero One
152,Delusional_Disorder_Forum,"Dissociation,_Depersonalisation_and_Derealisation",Zero One
153,"Dissociation,_Depersonalisation_and_Derealisation",Anxiety_Forum,Zero One
154,Anxiety_Forum,ADHD_Forum,Zero One
155,ADHD_Forum,Eating_Disorders_Forum,Zero One
156,Eating_Disorders_Forum,Bipolar_Forum,Zero One
157,Bipolar_Forum,Autism_and_Mental_Health_Forum,Zero One
158,Dementia_Forum,"Dissociation,_Depersonalisation_and_Derealisation",Deltoid
159,"Dissociation,_Depersonalisation_and_Derealisation",Anxiety_Forum,Deltoid
160,Anxiety_Forum,ADHD_Forum,Deltoid
161,ADHD_Forum,Eating_Disorders_Forum,Deltoid
162,Eating_Disorders_Forum,Bipolar_Forum,Deltoid
163,Bipolar_Forum,Autism_and_Mental_Health_Forum,Deltoid
164,Depression_Forum,Anxiety_Forum,Aprilshowers
165,Anxiety_Forum,ADHD_Forum,Aprilshowers
166,ADHD_Forum,Eating_Disorders_Forum,Aprilshowers
167,Eating_Disorders_Forum,Borderline_Personality_Disorder_Forum,Aprilshowers
168,Borderline_Personality_Disorder_Forum,Bipolar_Forum,Aprilshowers
169,Depression_Forum,Anxiety_Forum,Topcat
170,Anxiety_Forum,ADHD_Forum,Topcat
171,ADHD_Forum,Bipolar_Forum,Topcat
172,Bipolar_Forum,Autism_and_Mental_Health_Forum,Topcat
173,Borderline_Personality_Disorder_Forum,Depression_Forum,Akio
174,Depression_Forum,ADHD_Forum,Akio
175,ADHD_Forum,"Dissociation,_Depersonalisation_and_Derealisation",Akio
176,Bipolar_Forum,Depression_Forum,woman
177,Depression_Forum,ADHD_Forum,woman
178,ADHD_Forum,"Dissociation,_Depersonalisation_and_Derealisation",woman
179,Anxiety_Forum,ADHD_Forum,BYPPills
180,Depression_Forum,Anxiety_Forum,Sawtooth
181,Anxiety_Forum,ADHD_Forum,Sawtooth
182,ADHD_Forum,Borderline_Personality_Disorder_Forum,Sawtooth
183,Borderline_Personality_Disorder_Forum,Bipolar_Forum,Sawtooth
184,Borderline_Personality_Disorder_Forum,Bipolar_Forum,whitebreadlog
185,Bipolar_Forum,Depression_Forum,whitebreadlog
186,Depression_Forum,ADHD_Forum,whitebreadlog
187,Dementia_Forum,Depression_Forum,Fairy Lucretia
188,Depression_Forum,"Dissociation,_Depersonalisation_and_Derealisation",Fairy Lucretia
189,"Dissociation,_Depersonalisation_and_Derealisation",Anxiety_Forum,Fairy Lucretia
190,Anxiety_Forum,ADHD_Forum,Fairy Lucretia
191,ADHD_Forum,Eating_Disorders_Forum,Fairy Lucretia
192,Eating_Disorders_Forum,Borderline_Personality_Disorder_Forum,Fairy Lucretia
193,Borderline_Personality_Disorder_Forum,Bipolar_Forum,Fairy Lucretia
194,Bipolar_Forum,Autism_and_Mental_Health_Forum,Fairy Lucretia
195,Anxiety_Forum,Borderline_Personality_Disorder_Forum,kyleb
196,Borderline_Personality_Disorder_Forum,Depression_Forum,kyleb
197,Depression_Forum,ADHD_Forum,kyleb
198,Depression_Forum,"Dissociation,_Depersonalisation_and_Derealisation",MissTT85
199,"Dissociation,_Depersonalisation_and_Derealisation",ADHD_Forum,MissTT85
200,ADHD_Forum,Eating_Disorders_Forum,MissTT85
201,Eating_Disorders_Forum,Bipolar_Forum,MissTT85
202,Depression_Forum,"Dissociation,_Depersonalisation_and_Derealisation",Pennybrite
203,"Dissociation,_Depersonalisation_and_Derealisation",Anxiety_Forum,Pennybrite
204,Anxiety_Forum,ADHD_Forum,Pennybrite
205,ADHD_Forum,Eating_Disorders_Forum,Pennybrite
206,Eating_Disorders_Forum,Borderline_Personality_Disorder_Forum,Pennybrite
207,Borderline_Personality_Disorder_Forum,Bipolar_Forum,Pennybrite
208,Dementia_Forum,Depression_Forum,ramboghettouk
209,Depression_Forum,"Dissociation,_Depersonalisation_and_Derealisation",ramboghettouk
210,"Dissociation,_Depersonalisation_and_Derealisation",Anxiety_Forum,ramboghettouk
211,Anxiety_Forum,ADHD_Forum,ramboghettouk
212,ADHD_Forum,Autism_and_Mental_Health_Forum,ramboghettouk
213,Autism_and_Mental_Health_Forum,ADHD_Forum,DayBird
214,Anxiety_Forum,Bipolar_Forum,C50
215,Bipolar_Forum,ADHD_Forum,C50
216,ADHD_Forum,Dementia_Forum,C50
217,Anxiety_Forum,Depression_Forum,Just Surviving
218,Depression_Forum,ADHD_Forum,Just Surviving
219,ADHD_Forum,Eating_Disorders_Forum,Just Surviving
220,Anxiety_Forum,Depression_Forum,AlwaysinCrown
221,Depression_Forum,Autism_and_Mental_Health_Forum,AlwaysinCrown
222,Autism_and_Mental_Health_Forum,ADHD_Forum,AlwaysinCrown
223,Anxiety_Forum,Bipolar_Forum,wordsbubbleup85
224,Bipolar_Forum,ADHD_Forum,wordsbubbleup85
225,ADHD_Forum,"Dissociation,_Depersonalisation_and_Derealisation",wordsbubbleup85
226,Borderline_Personality_Disorder_Forum,Bipolar_Forum,Drowzy
227,Bipolar_Forum,Autism_and_Mental_Health_Forum,Drowzy
228,Autism_and_Mental_Health_Forum,ADHD_Forum,Drowzy
229,Dementia_Forum,Depression_Forum,CreAtiveNatuRe
230,Depression_Forum,ADHD_Forum,CreAtiveNatuRe
231,ADHD_Forum,Eating_Disorders_Forum,CreAtiveNatuRe
232,Eating_Disorders_Forum,Borderline_Personality_Disorder_Forum,CreAtiveNatuRe
233,Borderline_Personality_Disorder_Forum,Autism_and_Mental_Health_Forum,CreAtiveNatuRe
234,Dementia_Forum,Depression_Forum,Signofthetimes
235,Depression_Forum,Delusional_Disorder_Forum,Signofthetimes
236,Delusional_Disorder_Forum,"Dissociation,_Depersonalisation_and_Derealisation",Signofthetimes
237,"Dissociation,_Depersonalisation_and_Derealisation",ADHD_Forum,Signofthetimes
238,ADHD_Forum,Eating_Disorders_Forum,Signofthetimes
239,Eating_Disorders_Forum,Borderline_Personality_Disorder_Forum,Signofthetimes
240,Borderline_Personality_Disorder_Forum,Bipolar_Forum,Signofthetimes
241,Bipolar_Forum,Autism_and_Mental_Health_Forum,Signofthetimes
242,ADHD_Forum,"Dissociation,_Depersonalisation_and_Derealisation",Sofa
243,Delusional_Disorder_Forum,"Dissociation,_Depersonalisation_and_Derealisation",hurghydurdy
244,"Dissociation,_Depersonalisation_and_Derealisation",ADHD_Forum,hurghydurdy
245,ADHD_Forum,Borderline_Personality_Disorder_Forum,hurghydurdy
246,Borderline_Personality_Disorder_Forum,Bipolar_Forum,hurghydurdy
247,Dementia_Forum,Depression_Forum,JeanPierre
248,Depression_Forum,Delusional_Disorder_Forum,JeanPierre
249,Delusional_Disorder_Forum,"Dissociation,_Depersonalisation_and_Derealisation",JeanPierre
250,"Dissociation,_Depersonalisation_and_Derealisation",ADHD_Forum,JeanPierre
251,ADHD_Forum,Eating_Disorders_Forum,JeanPierre
252,Eating_Disorders_Forum,Autism_and_Mental_Health_Forum,JeanPierre
253,Dementia_Forum,"Dissociation,_Depersonalisation_and_Derealisation",candycane
254,"Dissociation,_Depersonalisation_and_Derealisation",ADHD_Forum,candycane
255,ADHD_Forum,Eating_Disorders_Forum,candycane
256,Eating_Disorders_Forum,Borderline_Personality_Disorder_Forum,candycane
257,Borderline_Personality_Disorder_Forum,Bipolar_Forum,candycane
258,Bipolar_Forum,Autism_and_Mental_Health_Forum,candycane
259,Borderline_Personality_Disorder_Forum,ADHD_Forum,ab_212
260,Dementia_Forum,Depression_Forum,Meow12
261,Depression_Forum,Anxiety_Forum,Meow12
262,Anxiety_Forum,ADHD_Forum,Meow12
263,ADHD_Forum,Eating_Disorders_Forum,Meow12
264,Eating_Disorders_Forum,Borderline_Personality_Disorder_Forum,Meow12
265,Borderline_Personality_Disorder_Forum,Bipolar_Forum,Meow12
266,Depression_Forum,"Dissociation,_Depersonalisation_and_Derealisation",I AM 144
267,"Dissociation,_Depersonalisation_and_Derealisation",Anxiety_Forum,I AM 144
268,Anxiety_Forum,ADHD_Forum,I AM 144
269,ADHD_Forum,Eating_Disorders_Forum,I AM 144
270,Eating_Disorders_Forum,Borderline_Personality_Disorder_Forum,I AM 144
271,Borderline_Personality_Disorder_Forum,Bipolar_Forum,I AM 144
272,Bipolar_Forum,Autism_and_Mental_Health_Forum,I AM 144
273,Depression_Forum,ADHD_Forum,pixie fist ninja
274,ADHD_Forum,Eating_Disorders_Forum,HelloIMakeTaquitos
275,Anxiety_Forum,Delusional_Disorder_Forum,Empish
276,Delusional_Disorder_Forum,ADHD_Forum,Empish
277,Anxiety_Forum,ADHD_Forum,Middle M
278,Autism_and_Mental_Health_Forum,ADHD_Forum,MrsPurple
279,Delusional_Disorder_Forum,Bipolar_Forum,JoeM
280,Bipolar_Forum,ADHD_Forum,JoeM
281,Bipolar_Forum,Autism_and_Mental_Health_Forum,sunset547544
282,Autism_and_Mental_Health_Forum,ADHD_Forum,sunset547544
283,Anxiety_Forum,Depression_Forum,Cykokat
284,Depression_Forum,ADHD_Forum,Cykokat
285,ADHD_Forum,Eating_Disorders_Forum,madwind
286,Autism_and_Mental_Health_Forum,ADHD_Forum,AngrySwan
287,Depression_Forum,Delusional_Disorder_Forum,Mr Green
288,Delusional_Disorder_Forum,"Dissociation,_Depersonalisation_and_Derealisation",Mr Green
289,"Dissociation,_Depersonalisation_and_Derealisation",Anxiety_Forum,Mr Green
290,Anxiety_Forum,ADHD_Forum,Mr Green
291,ADHD_Forum,Eating_Disorders_Forum,Mr Green
292,Eating_Disorders_Forum,Borderline_Personality_Disorder_Forum,Mr Green
293,Borderline_Personality_Disorder_Forum,Bipolar_Forum,Mr Green
294,Borderline_Personality_Disorder_Forum,Autism_and_Mental_Health_Forum,Nirvana2991
295,Autism_and_Mental_Health_Forum,ADHD_Forum,Nirvana2991
296,Anxiety_Forum,Autism_and_Mental_Health_Forum,_Flick
297,Autism_and_Mental_Health_Forum,ADHD_Forum,_Flick
298,ADHD_Forum,Eating_Disorders_Forum,_Flick
299,Borderline_Personality_Disorder_Forum,Autism_and_Mental_Health_Forum,TooMuchPain
300,Autism_and_Mental_Health_Forum,ADHD_Forum,TooMuchPain
301,Dementia_Forum,Depression_Forum,Nimueh
302,Depression_Forum,Delusional_Disorder_Forum,Nimueh
303,Delusional_Disorder_Forum,Anxiety_Forum,Nimueh
304,Anxiety_Forum,ADHD_Forum,Nimueh
305,ADHD_Forum,Borderline_Personality_Disorder_Forum,Nimueh
306,Borderline_Personality_Disorder_Forum,Bipolar_Forum,Nimueh
307,Dementia_Forum,Depression_Forum,NWiddi
308,Depression_Forum,Delusional_Disorder_Forum,NWiddi
309,Delusional_Disorder_Forum,"Dissociation,_Depersonalisation_and_Derealisation",NWiddi
310,"Dissociation,_Depersonalisation_and_Derealisation",Anxiety_Forum,NWiddi
311,Anxiety_Forum,ADHD_Forum,NWiddi
312,ADHD_Forum,Borderline_Personality_Disorder_Forum,NWiddi
313,Borderline_Personality_Disorder_Forum,Bipolar_Forum,NWiddi
314,Bipolar_Forum,Autism_and_Mental_Health_Forum,NWiddi
315,Dementia_Forum,ADHD_Forum,whm1974
316,ADHD_Forum,Eating_Disorders_Forum,whm1974
317,Eating_Disorders_Forum,Bipolar_Forum,whm1974
318,Bipolar_Forum,Autism_and_Mental_Health_Forum,whm1974
319,ADHD_Forum,Eating_Disorders_Forum,Roberta
320,Dementia_Forum,"Dissociation,_Depersonalisation_and_Derealisation",Avolitionist
321,"Dissociation,_Depersonalisation_and_Derealisation",ADHD_Forum,Avolitionist
322,ADHD_Forum,Eating_Disorders_Forum,Avolitionist
323,Eating_Disorders_Forum,Bipolar_Forum,Avolitionist
324,Bipolar_Forum,Autism_and_Mental_Health_Forum,Avolitionist
325,Autism_and_Mental_Health_Forum,ADHD_Forum,Perri
326,ADHD_Forum,Eating_Disorders_Forum,Perri
327,Eating_Disorders_Forum,"Dissociation,_Depersonalisation_and_Derealisation",Perri
328,Dementia_Forum,Depression_Forum,Mayflower7
329,Depression_Forum,Delusional_Disorder_Forum,Mayflower7
330,Delusional_Disorder_Forum,Anxiety_Forum,Mayflower7
331,Anxiety_Forum,ADHD_Forum,Mayflower7
332,ADHD_Forum,Eating_Disorders_Forum,Mayflower7
333,Eating_Disorders_Forum,Borderline_Personality_Disorder_Forum,Mayflower7
334,Borderline_Personality_Disorder_Forum,Bipolar_Forum,Mayflower7
335,Bipolar_Forum,Autism_and_Mental_Health_Forum,Mayflower7
336,Autism_and_Mental_Health_Forum,ADHD_Forum,Frazzled1990
337,Autism_and_Mental_Health_Forum,ADHD_Forum,Iamastar
338,Dementia_Forum,Depression_Forum,SoftRain
339,Depression_Forum,"Dissociation,_Depersonalisation_and_Derealisation",SoftRain
340,"Dissociation,_Depersonalisation_and_Derealisation",Anxiety_Forum,SoftRain
341,Anxiety_Forum,ADHD_Forum,SoftRain
342,ADHD_Forum,Eating_Disorders_Forum,SoftRain
343,Eating_Disorders_Forum,Borderline_Personality_Disorder_Forum,SoftRain
344,Borderline_Personality_Disorder_Forum,Bipolar_Forum,SoftRain
345,Bipolar_Forum,Autism_and_Mental_Health_Forum,SoftRain
346,Dementia_Forum,Depression_Forum,Braveheart
347,Depression_Forum,Delusional_Disorder_Forum,Braveheart
348,Delusional_Disorder_Forum,"Dissociation,_Depersonalisation_and_Derealisation",Braveheart
349,"Dissociation,_Depersonalisation_and_Derealisation",Anxiety_Forum,Braveheart
350,Anxiety_Forum,ADHD_Forum,Braveheart
351,ADHD_Forum,Eating_Disorders_Forum,Braveheart
352,Eating_Disorders_Forum,Borderline_Personality_Disorder_Forum,Braveheart
353,Borderline_Personality_Disorder_Forum,Bipolar_Forum,Braveheart
354,Bipolar_Forum,Autism_and_Mental_Health_Forum,Braveheart
355,Autism_and_Mental_Health_Forum,ADHD_Forum,Iris Abgestumpfte
356,Delusional_Disorder_Forum,"Dissociation,_Depersonalisation_and_Derealisation",IDontCare99
357,"Dissociation,_Depersonalisation_and_Derealisation",Anxiety_Forum,IDontCare99
358,Anxiety_Forum,ADHD_Forum,IDontCare99
359,ADHD_Forum,Eating_Disorders_Forum,IDontCare99
360,Eating_Disorders_Forum,Bipolar_Forum,IDontCare99
361,Bipolar_Forum,Autism_and_Mental_Health_Forum,IDontCare99
362,Autism_and_Mental_Health_Forum,ADHD_Forum,divergentmind
363,Dementia_Forum,"Dissociation,_Depersonalisation_and_Derealisation",Jolly
364,"Dissociation,_Depersonalisation_and_Derealisation",Anxiety_Forum,Jolly
365,Anxiety_Forum,ADHD_Forum,Jolly
366,ADHD_Forum,Eating_Disorders_Forum,Jolly
367,Eating_Disorders_Forum,Borderline_Personality_Disorder_Forum,Jolly
368,Autism_and_Mental_Health_Forum,ADHD_Forum,90s_cat
369,ADHD_Forum,"Dissociation,_Depersonalisation_and_Derealisation",90s_cat
370,Autism_and_Mental_Health_Forum,ADHD_Forum,ls6119
371,Autism_and_Mental_Health_Forum,ADHD_Forum,Absolute_Chaos
372,Bipolar_Forum,Autism_and_Mental_Health_Forum,rawlinsc
373,Autism_and_Mental_Health_Forum,ADHD_Forum,rawlinsc
374,ADHD_Forum,Eating_Disorders_Forum,rawlinsc
375,Autism_and_Mental_Health_Forum,ADHD_Forum,emmaleemochizuki
376,Anxiety_Forum,Borderline_Personality_Disorder_Forum,JustARide
377,Borderline_Personality_Disorder_Forum,ADHD_Forum,JustARide
378,Dementia_Forum,Delusional_Disorder_Forum,fragrant_violet
379,Delusional_Disorder_Forum,"Dissociation,_Depersonalisation_and_Derealisation",fragrant_violet
380,"Dissociation,_Depersonalisation_and_Derealisation",Anxiety_Forum,fragrant_violet
381,Anxiety_Forum,ADHD_Forum,fragrant_violet
382,ADHD_Forum,Eating_Disorders_Forum,fragrant_violet
383,Eating_Disorders_Forum,Borderline_Personality_Disorder_Forum,fragrant_violet
384,Borderline_Personality_Disorder_Forum,Autism_and_Mental_Health_Forum,fragrant_violet
385,Bipolar_Forum,ADHD_Forum,Thesaurus1
386,Autism_and_Mental_Health_Forum,ADHD_Forum,Sea_Green
387,Anxiety_Forum,ADHD_Forum,TheStrongWave
388,ADHD_Forum,Eating_Disorders_Forum,TheStrongWave
389,Depression_Forum,ADHD_Forum,MudBug
390,Depression_Forum,Autism_and_Mental_Health_Forum,GuyCoping
391,Autism_and_Mental_Health_Forum,ADHD_Forum,GuyCoping
392,ADHD_Forum,Eating_Disorders_Forum,GuyCoping
393,Autism_and_Mental_Health_Forum,ADHD_Forum,SLMPerdido
394,Depression_Forum,ADHD_Forum,thegreenpony
395,ADHD_Forum,Borderline_Personality_Disorder_Forum,thegreenpony
396,Borderline_Personality_Disorder_Forum,Bipolar_Forum,thegreenpony
397,Bipolar_Forum,Autism_and_Mental_Health_Forum,thegreenpony
398,Depression_Forum,Delusional_Disorder_Forum,InterestedRooster
399,Delusional_Disorder_Forum,"Dissociation,_Depersonalisation_and_Derealisation",InterestedRooster
400,"Dissociation,_Depersonalisation_and_Derealisation",ADHD_Forum,InterestedRooster
401,ADHD_Forum,Eating_Disorders_Forum,InterestedRooster
402,Eating_Disorders_Forum,Bipolar_Forum,InterestedRooster
403,Bipolar_Forum,Autism_and_Mental_Health_Forum,InterestedRooster
404,Dementia_Forum,Depression_Forum,LoqLamp
405,Depression_Forum,Delusional_Disorder_Forum,LoqLamp
406,Delusional_Disorder_Forum,"Dissociation,_Depersonalisation_and_Derealisation",LoqLamp
407,"Dissociation,_Depersonalisation_and_Derealisation",Anxiety_Forum,LoqLamp
408,Anxiety_Forum,ADHD_Forum,LoqLamp
409,ADHD_Forum,Eating_Disorders_Forum,LoqLamp
410,Eating_Disorders_Forum,Borderline_Personality_Disorder_Forum,LoqLamp
411,Borderline_Personality_Disorder_Forum,Bipolar_Forum,LoqLamp
412,Bipolar_Forum,Autism_and_Mental_Health_Forum,LoqLamp
413,Dementia_Forum,Delusional_Disorder_Forum,MahnJark
414,Delusional_Disorder_Forum,"Dissociation,_Depersonalisation_and_Derealisation",MahnJark
415,"Dissociation,_Depersonalisation_and_Derealisation",Anxiety_Forum,MahnJark
416,Anxiety_Forum,ADHD_Forum,MahnJark
417,ADHD_Forum,Eating_Disorders_Forum,MahnJark
418,Eating_Disorders_Forum,Borderline_Personality_Disorder_Forum,MahnJark
419,Borderline_Personality_Disorder_Forum,Autism_and_Mental_Health_Forum,MahnJark
420,Borderline_Personality_Disorder_Forum,Bipolar_Forum,HLon99
421,Bipolar_Forum,Autism_and_Mental_Health_Forum,HLon99
422,Autism_and_Mental_Health_Forum,ADHD_Forum,HLon99
423,Borderline_Personality_Disorder_Forum,Bipolar_Forum,Oxymoron
424,Bipolar_Forum,ADHD_Forum,Oxymoron
425,ADHD_Forum,Eating_Disorders_Forum,Oxymoron
426,ADHD_Forum,Eating_Disorders_Forum,Giger
427,ADHD_Forum,"Dissociation,_Depersonalisation_and_Derealisation",bluejeans
428,Delusional_Disorder_Forum,ADHD_Forum,busybee
429,ADHD_Forum,"Dissociation,_Depersonalisation_and_Derealisation",CherryCrisis
430,Anxiety_Forum,ADHD_Forum,bebernipes
431,Autism_and_Mental_Health_Forum,ADHD_Forum,LizBo
432,ADHD_Forum,Eating_Disorders_Forum,LizBo
433,Eating_Disorders_Forum,"Dissociation,_Depersonalisation_and_Derealisation",LizBo
434,Bipolar_Forum,ADHD_Forum,TreestarTriceratops
435,Delusional_Disorder_Forum,"Dissociation,_Depersonalisation_and_Derealisation",frosty face
436,"Dissociation,_Depersonalisation_and_Derealisation",ADHD_Forum,frosty face
437,ADHD_Forum,Eating_Disorders_Forum,frosty face
438,Eating_Disorders_Forum,Autism_and_Mental_Health_Forum,frosty face
439,Depression_Forum,ADHD_Forum,HB2
440,Autism_and_Mental_Health_Forum,ADHD_Forum,FarmingNation
441,ADHD_Forum,Eating_Disorders_Forum,FarmingNation
442,Autism_and_Mental_Health_Forum,ADHD_Forum,TommyC4
443,ADHD_Forum,Eating_Disorders_Forum,TommyC4
444,Eating_Disorders_Forum,"Dissociation,_Depersonalisation_and_Derealisation",TommyC4
445,Anxiety_Forum,Autism_and_Mental_Health_Forum,h24
446,Autism_and_Mental_Health_Forum,ADHD_Forum,h24
447,Autism_and_Mental_Health_Forum,ADHD_Forum,Hold my Mask
448,Depression_Forum,"Dissociation,_Depersonalisation_and_Derealisation",Trash22
449,"Dissociation,_Depersonalisation_and_Derealisation",ADHD_Forum,Trash22
450,ADHD_Forum,Eating_Disorders_Forum,Trash22
451,Eating_Disorders_Forum,Autism_and_Mental_Health_Forum,Trash22
452,Dementia_Forum,Depression_Forum,jajingna
453,Depression_Forum,Delusional_Disorder_Forum,jajingna
454,Delusional_Disorder_Forum,"Dissociation,_Depersonalisation_and_Derealisation",jajingna
455,"Dissociation,_Depersonalisation_and_Derealisation",Anxiety_Forum,jajingna
456,Anxiety_Forum,ADHD_Forum,jajingna
457,ADHD_Forum,Bipolar_Forum,jajingna
458,Bipolar_Forum,Autism_and_Mental_Health_Forum,jajingna
459,Anxiety_Forum,Delusional_Disorder_Forum,Loopyish
460,Delusional_Disorder_Forum,Autism_and_Mental_Health_Forum,Loopyish
461,Autism_and_Mental_Health_Forum,ADHD_Forum,Loopyish
462,ADHD_Forum,Eating_Disorders_Forum,tealduck
463,Delusional_Disorder_Forum,"Dissociation,_Depersonalisation_and_Derealisation",kitkit
464,"Dissociation,_Depersonalisation_and_Derealisation",Anxiety_Forum,kitkit
465,Anxiety_Forum,ADHD_Forum,kitkit
466,ADHD_Forum,Borderline_Personality_Disorder_Forum,kitkit
467,Depression_Forum,Delusional_Disorder_Forum,OCDguy
468,Delusional_Disorder_Forum,"Dissociation,_Depersonalisation_and_Derealisation",OCDguy
469,"Dissociation,_Depersonalisation_and_Derealisation",Anxiety_Forum,OCDguy
470,Anxiety_Forum,ADHD_Forum,OCDguy
471,ADHD_Forum,Borderline_Personality_Disorder_Forum,OCDguy
472,Borderline_Personality_Disorder_Forum,Bipolar_Forum,OCDguy
473,Bipolar_Forum,Autism_and_Mental_Health_Forum,OCDguy
474,ADHD_Forum,"Dissociation,_Depersonalisation_and_Derealisation",Panda4
475,Anxiety_Forum,Bipolar_Forum,higienopolis
476,Bipolar_Forum,ADHD_Forum,higienopolis
477,Dementia_Forum,Depression_Forum,Wishbone
478,Depression_Forum,"Dissociation,_Depersonalisation_and_Derealisation",Wishbone
479,"Dissociation,_Depersonalisation_and_Derealisation",Anxiety_Forum,Wishbone
480,Anxiety_Forum,ADHD_Forum,Wishbone
481,ADHD_Forum,Bipolar_Forum,Wishbone
482,Bipolar_Forum,Autism_and_Mental_Health_Forum,Wishbone
483,Dementia_Forum,Delusional_Disorder_Forum,Mary26
484,Delusional_Disorder_Forum,"Dissociation,_Depersonalisation_and_Derealisation",Mary26
485,"Dissociation,_Depersonalisation_and_Derealisation",ADHD_Forum,Mary26
486,ADHD_Forum,Eating_Disorders_Forum,Mary26
487,Dementia_Forum,Depression_Forum,celticlass
488,Depression_Forum,Delusional_Disorder_Forum,celticlass
489,Delusional_Disorder_Forum,"Dissociation,_Depersonalisation_and_Derealisation",celticlass
490,"Dissociation,_Depersonalisation_and_Derealisation",ADHD_Forum,celticlass
491,ADHD_Forum,Eating_Disorders_Forum,celticlass
492,Eating_Disorders_Forum,Borderline_Personality_Disorder_Forum,celticlass
493,Borderline_Personality_Disorder_Forum,Bipolar_Forum,celticlass
494,Bipolar_Forum,Autism_and_Mental_Health_Forum,celticlass
495,Anxiety_Forum,Depression_Forum,dansell123
496,Depression_Forum,ADHD_Forum,dansell123
497,Anxiety_Forum,ADHD_Forum,fairybells
498,Dementia_Forum,Autism_and_Mental_Health_Forum,Ponder
499,Autism_and_Mental_Health_Forum,ADHD_Forum,Ponder
500,ADHD_Forum,"Dissociation,_Depersonalisation_and_Derealisation",Metanoia43
501,Dementia_Forum,Depression_Forum,Keesha
502,Depression_Forum,"Dissociation,_Depersonalisation_and_Derealisation",Keesha
503,"Dissociation,_Depersonalisation_and_Derealisation",Anxiety_Forum,Keesha
504,Anxiety_Forum,ADHD_Forum,Keesha
505,ADHD_Forum,Eating_Disorders_Forum,Keesha
506,Eating_Disorders_Forum,Bipolar_Forum,Keesha
507,Bipolar_Forum,Autism_and_Mental_Health_Forum,Keesha
508,Autism_and_Mental_Health_Forum,ADHD_Forum,it2ly
509,Anxiety_Forum,Autism_and_Mental_Health_Forum,StillDepressed
510,Autism_and_Mental_Health_Forum,ADHD_Forum,StillDepressed
511,ADHD_Forum,"Dissociation,_Depersonalisation_and_Derealisation",StillDepressed
512,Borderline_Personality_Disorder_Forum,ADHD_Forum,pinkflower17
513,ADHD_Forum,Eating_Disorders_Forum,pinkflower17
514,Depression_Forum,ADHD_Forum,Sarabi_Gyarados
515,Autism_and_Mental_Health_Forum,ADHD_Forum,Marmalade
516,ADHD_Forum,Eating_Disorders_Forum,Alianne
517,Borderline_Personality_Disorder_Forum,ADHD_Forum,Chance87
518,Dementia_Forum,Depression_Forum,Per Ardua Ad Astra
519,Depression_Forum,Autism_and_Mental_Health_Forum,Per Ardua Ad Astra
520,Autism_and_Mental_Health_Forum,ADHD_Forum,Per Ardua Ad Astra
521,Borderline_Personality_Disorder_Forum,ADHD_Forum,burntoast
522,Depression_Forum,Autism_and_Mental_Health_Forum,Hardknocks88
523,Autism_and_Mental_Health_Forum,ADHD_Forum,Hardknocks88
524,ADHD_Forum,"Dissociation,_Depersonalisation_and_Derealisation",Hardknocks88
525,Delusional_Disorder_Forum,Autism_and_Mental_Health_Forum,Ravenflower
526,Autism_and_Mental_Health_Forum,ADHD_Forum,Ravenflower
527,ADHD_Forum,Eating_Disorders_Forum,Kuromi
528,Delusional_Disorder_Forum,ADHD_Forum,Evenly Spaced Tiles
529,ADHD_Forum,Eating_Disorders_Forum,Evenly Spaced Tiles
530,Borderline_Personality_Disorder_Forum,Depression_Forum,siamesetwins
531,Depression_Forum,Autism_and_Mental_Health_Forum,siamesetwins
532,Autism_and_Mental_Health_Forum,ADHD_Forum,siamesetwins
533,Dementia_Forum,Depression_Forum,Brennet
534,Depression_Forum,"Dissociation,_Depersonalisation_and_Derealisation",Brennet
535,"Dissociation,_Depersonalisation_and_Derealisation",Anxiety_Forum,Brennet
536,Anxiety_Forum,ADHD_Forum,Brennet
537,ADHD_Forum,Autism_and_Mental_Health_Forum,Brennet
538,Dementia_Forum,Autism_and_Mental_Health_Forum,morty2
539,Autism_and_Mental_Health_Forum,ADHD_Forum,morty2
540,Dementia_Forum,Depression_Forum,morpheus01
541,Depression_Forum,"Dissociation,_Depersonalisation_and_Derealisation",morpheus01
542,"Dissociation,_Depersonalisation_and_Derealisation",Anxiety_Forum,morpheus01
543,Anxiety_Forum,ADHD_Forum,morpheus01
544,ADHD_Forum,Borderline_Personality_Disorder_Forum,morpheus01
545,Borderline_Personality_Disorder_Forum,Bipolar_Forum,morpheus01
546,Bipolar_Forum,Autism_and_Mental_Health_Forum,morpheus01
547,Depression_Forum,Delusional_Disorder_Forum,singsongfun
548,Delusional_Disorder_Forum,Autism_and_Mental_Health_Forum,singsongfun
549,Autism_and_Mental_Health_Forum,ADHD_Forum,singsongfun
550,ADHD_Forum,Eating_Disorders_Forum,MrMuscles
551,Delusional_Disorder_Forum,Bipolar_Forum,tiltawhirl3
552,Bipolar_Forum,ADHD_Forum,tiltawhirl3
553,ADHD_Forum,Eating_Disorders_Forum,tiltawhirl3
554,Dementia_Forum,Autism_and_Mental_Health_Forum,LearntheEssentials
555,Autism_and_Mental_Health_Forum,ADHD_Forum,LearntheEssentials
556,"Dissociation,_Depersonalisation_and_Derealisation",ADHD_Forum,HumbleHubby
557,ADHD_Forum,Eating_Disorders_Forum,HumbleHubby
558,Eating_Disorders_Forum,Borderline_Personality_Disorder_Forum,HumbleHubby
559,Borderline_Personality_Disorder_Forum,Bipolar_Forum,HumbleHubby
560,Depression_Forum,Delusional_Disorder_Forum,NoNameRequired
561,Delusional_Disorder_Forum,"Dissociation,_Depersonalisation_and_Derealisation",NoNameRequired
562,"Dissociation,_Depersonalisation_and_Derealisation",ADHD_Forum,NoNameRequired
563,ADHD_Forum,Autism_and_Mental_Health_Forum,NoNameRequired
564,Dementia_Forum,ADHD_Forum,AliceinWonderland
565,Autism_and_Mental_Health_Forum,ADHD_Forum,MHFPokeplantz
566,ADHD_Forum,"Dissociation,_Depersonalisation_and_Derealisation",MHFPokeplantz
567,Dementia_Forum,Depression_Forum,goodgollymiss
568,Depression_Forum,Delusional_Disorder_Forum,goodgollymiss
569,Delusional_Disorder_Forum,"Dissociation,_Depersonalisation_and_Derealisation",goodgollymiss
570,"Dissociation,_Depersonalisation_and_Derealisation",ADHD_Forum,goodgollymiss
571,ADHD_Forum,Eating_Disorders_Forum,goodgollymiss
572,Eating_Disorders_Forum,Borderline_Personality_Disorder_Forum,goodgollymiss
573,Borderline_Personality_Disorder_Forum,Bipolar_Forum,goodgollymiss
574,Bipolar_Forum,Autism_and_Mental_Health_Forum,goodgollymiss
575,ADHD_Forum,"Dissociation,_Depersonalisation_and_Derealisation",ketuntassut
576,Dementia_Forum,Depression_Forum,Lone_wanderer
577,Depression_Forum,Delusional_Disorder_Forum,Lone_wanderer
578,Delusional_Disorder_Forum,"Dissociation,_Depersonalisation_and_Derealisation",Lone_wanderer
579,"Dissociation,_Depersonalisation_and_Derealisation",Anxiety_Forum,Lone_wanderer
580,Anxiety_Forum,ADHD_Forum,Lone_wanderer
581,ADHD_Forum,Borderline_Personality_Disorder_Forum,Lone_wanderer
582,Borderline_Personality_Disorder_Forum,Autism_and_Mental_Health_Forum,Lone_wanderer
583,ADHD_Forum,Eating_Disorders_Forum,Shelby1
584,Eating_Disorders_Forum,"Dissociation,_Depersonalisation_and_Derealisation",Shelby1
585,Autism_and_Mental_Health_Forum,ADHD_Forum,TimeOutForTina
586,Autism_and_Mental_Health_Forum,ADHD_Forum,Emikin
587,Dementia_Forum,Anxiety_Forum,mischief
588,Anxiety_Forum,ADHD_Forum,mischief
589,ADHD_Forum,Eating_Disorders_Forum,mischief
590,Eating_Disorders_Forum,Borderline_Personality_Disorder_Forum,mischief
591,Borderline_Personality_Disorder_Forum,Bipolar_Forum,mischief
592,Bipolar_Forum,Autism_and_Mental_Health_Forum,mischief
593,Dementia_Forum,Depression_Forum,calypso
594,Depression_Forum,"Dissociation,_Depersonalisation_and_Derealisation",calypso
595,"Dissociation,_Depersonalisation_and_Derealisation",ADHD_Forum,calypso
596,ADHD_Forum,Eating_Disorders_Forum,calypso
597,Eating_Disorders_Forum,Borderline_Personality_Disorder_Forum,calypso
598,Borderline_Personality_Disorder_Forum,Bipolar_Forum,calypso
599,Bipolar_Forum,Autism_and_Mental_Health_Forum,calypso
600,Delusional_Disorder_Forum,ADHD_Forum,Contramike
601,ADHD_Forum,"Dissociation,_Depersonalisation_and_Derealisation",Contramike
602,Depression_Forum,"Dissociation,_Depersonalisation_and_Derealisation",UpnDwn1978
603,"Dissociation,_Depersonalisation_and_Derealisation",ADHD_Forum,UpnDwn1978
604,ADHD_Forum,Bipolar_Forum,UpnDwn1978
605,Bipolar_Forum,Autism_and_Mental_Health_Forum,UpnDwn1978
606,Dementia_Forum,Depression_Forum,Anime-Alchemy
607,Depression_Forum,Anxiety_Forum,Anime-Alchemy
608,Anxiety_Forum,ADHD_Forum,Anime-Alchemy
609,ADHD_Forum,Eating_Disorders_Forum,Anime-Alchemy
610,Eating_Disorders_Forum,Borderline_Personality_Disorder_Forum,Anime-Alchemy
611,Borderline_Personality_Disorder_Forum,Bipolar_Forum,Anime-Alchemy
612,Bipolar_Forum,Autism_and_Mental_Health_Forum,Anime-Alchemy
613,Depression_Forum,Autism_and_Mental_Health_Forum,6FTUNDER
614,Borderline_Personality_Disorder_Forum,Depression_Forum,PsychoticPotato
615,Depression_Forum,Autism_and_Mental_Health_Forum,PsychoticPotato
616,Autism_and_Mental_Health_Forum,Eating_Disorders_Forum,PsychoticPotato
617,Depression_Forum,Autism_and_Mental_Health_Forum,Northern Girl
618,Borderline_Personality_Disorder_Forum,Bipolar_Forum,Karmita
619,Bipolar_Forum,Autism_and_Mental_Health_Forum,Karmita
620,Autism_and_Mental_Health_Forum,Anxiety_Forum,Karmita
621,Dementia_Forum,Depression_Forum,
622,Depression_Forum,Anxiety_Forum,
623,Anxiety_Forum,Eating_Disorders_Forum,
624,Eating_Disorders_Forum,Borderline_Personality_Disorder_Forum,
625,Borderline_Personality_Disorder_Forum,Autism_and_Mental_Health_Forum,
626,Autism_and_Mental_Health_Forum,Eating_Disorders_Forum,mapletree
627,Autism_and_Mental_Health_Forum,Anxiety_Forum,Autisticmumsy
628,Dementia_Forum,Depression_Forum,JessisMe
629,Depression_Forum,Delusional_Disorder_Forum,JessisMe
630,Delusional_Disorder_Forum,"Dissociation,_Depersonalisation_and_Derealisation",JessisMe
631,"Dissociation,_Depersonalisation_and_Derealisation",Anxiety_Forum,JessisMe
632,Anxiety_Forum,Eating_Disorders_Forum,JessisMe
633,Eating_Disorders_Forum,Borderline_Personality_Disorder_Forum,JessisMe
634,Borderline_Personality_Disorder_Forum,Bipolar_Forum,JessisMe
635,Bipolar_Forum,Autism_and_Mental_Health_Forum,JessisMe
636,Borderline_Personality_Disorder_Forum,Autism_and_Mental_Health_Forum,PurpleMist
637,Depression_Forum,Autism_and_Mental_Health_Forum,lilacxpinkie
638,Autism_and_Mental_Health_Forum,Anxiety_Forum,lilacxpinkie
639,Anxiety_Forum,"Dissociation,_Depersonalisation_and_Derealisation",lilacxpinkie
640,Borderline_Personality_Disorder_Forum,Bipolar_Forum,Jigglypuff Fan
641,Bipolar_Forum,Autism_and_Mental_Health_Forum,Jigglypuff Fan
642,Delusional_Disorder_Forum,Bipolar_Forum,pyro
643,Bipolar_Forum,Autism_and_Mental_Health_Forum,pyro
644,Autism_and_Mental_Health_Forum,Eating_Disorders_Forum,pyro
645,Depression_Forum,Delusional_Disorder_Forum,Passionflower
646,Delusional_Disorder_Forum,Anxiety_Forum,Passionflower
647,Anxiety_Forum,Borderline_Personality_Disorder_Forum,Passionflower
648,Borderline_Personality_Disorder_Forum,Bipolar_Forum,Passionflower
649,Bipolar_Forum,Autism_and_Mental_Health_Forum,Passionflower
650,Borderline_Personality_Disorder_Forum,Autism_and_Mental_Health_Forum,EverybodyHurts
651,Autism_and_Mental_Health_Forum,Anxiety_Forum,EverybodyHurts
652,Anxiety_Forum,Eating_Disorders_Forum,EverybodyHurts
653,Autism_and_Mental_Health_Forum,"Dissociation,_Depersonalisation_and_Derealisation",mindbodysoul
654,Depression_Forum,Autism_and_Mental_Health_Forum,mentallycomplicated
655,Autism_and_Mental_Health_Forum,Anxiety_Forum,mentallycomplicated
656,Borderline_Personality_Disorder_Forum,Autism_and_Mental_Health_Forum,Thomasmariel33
657,Depression_Forum,Delusional_Disorder_Forum,losingdefinition
658,Delusional_Disorder_Forum,Anxiety_Forum,losingdefinition
659,Anxiety_Forum,Borderline_Personality_Disorder_Forum,losingdefinition
660,Borderline_Personality_Disorder_Forum,Bipolar_Forum,losingdefinition
661,Bipolar_Forum,Autism_and_Mental_Health_Forum,losingdefinition
662,Delusional_Disorder_Forum,Autism_and_Mental_Health_Forum,bluewaterfall
663,Autism_and_Mental_Health_Forum,Anxiety_Forum,bluewaterfall
664,Dementia_Forum,Autism_and_Mental_Health_Forum,GttingWrseEvryday
665,Autism_and_Mental_Health_Forum,"Dissociation,_Depersonalisation_and_Derealisation",GttingWrseEvryday
666,Autism_and_Mental_Health_Forum,"Dissociation,_Depersonalisation_and_Derealisation",Kahuna
667,Borderline_Personality_Disorder_Forum,Depression_Forum,Buff Schmoltler
668,Depression_Forum,Autism_and_Mental_Health_Forum,Buff Schmoltler
669,Autism_and_Mental_Health_Forum,Anxiety_Forum,Buff Schmoltler
670,Depression_Forum,Delusional_Disorder_Forum,Nuggets
671,Delusional_Disorder_Forum,Anxiety_Forum,Nuggets
672,Anxiety_Forum,Eating_Disorders_Forum,Nuggets
673,Eating_Disorders_Forum,Borderline_Personality_Disorder_Forum,Nuggets
674,Borderline_Personality_Disorder_Forum,Bipolar_Forum,Nuggets
675,Bipolar_Forum,Autism_and_Mental_Health_Forum,Nuggets
676,Depression_Forum,Delusional_Disorder_Forum,Briar Patch
677,Delusional_Disorder_Forum,Anxiety_Forum,Briar Patch
678,Anxiety_Forum,Eating_Disorders_Forum,Briar Patch
679,Eating_Disorders_Forum,Borderline_Personality_Disorder_Forum,Briar Patch
680,Borderline_Personality_Disorder_Forum,Bipolar_Forum,Briar Patch
681,Bipolar_Forum,Autism_and_Mental_Health_Forum,Briar Patch
682,Borderline_Personality_Disorder_Forum,Bipolar_Forum,Chipotle
683,Bipolar_Forum,Autism_and_Mental_Health_Forum,Chipotle
684,Bipolar_Forum,Autism_and_Mental_Health_Forum,Comorbidity
685,Autism_and_Mental_Health_Forum,"Dissociation,_Depersonalisation_and_Derealisation",Comorbidity
686,Bipolar_Forum,Autism_and_Mental_Health_Forum,Zana
687,Autism_and_Mental_Health_Forum,"Dissociation,_Depersonalisation_and_Derealisation",psta1990
688,Autism_and_Mental_Health_Forum,"Dissociation,_Depersonalisation_and_Derealisation",Bubbles17
689,Depression_Forum,Autism_and_Mental_Health_Forum,Eagleinsky
690,Autism_and_Mental_Health_Forum,"Dissociation,_Depersonalisation_and_Derealisation",McG777
691,Depression_Forum,Bipolar_Forum,Emu567
692,Bipolar_Forum,Autism_and_Mental_Health_Forum,Emu567
693,Autism_and_Mental_Health_Forum,"Dissociation,_Depersonalisation_and_Derealisation",Emu567
694,Depression_Forum,Anxiety_Forum,watchoveryourfriends
695,Anxiety_Forum,Eating_Disorders_Forum,watchoveryourfriends
696,Eating_Disorders_Forum,Bipolar_Forum,watchoveryourfriends
697,Bipolar_Forum,Autism_and_Mental_Health_Forum,watchoveryourfriends
698,"Dissociation,_Depersonalisation_and_Derealisation",Anxiety_Forum,ApetorsAngel
699,Anxiety_Forum,Eating_Disorders_Forum,ApetorsAngel
700,Eating_Disorders_Forum,Borderline_Personality_Disorder_Forum,ApetorsAngel
701,Borderline_Personality_Disorder_Forum,Autism_and_Mental_Health_Forum,ApetorsAngel
702,Autism_and_Mental_Health_Forum,Anxiety_Forum,Siegfried
703,Anxiety_Forum,Eating_Disorders_Forum,Siegfried
704,Depression_Forum,Delusional_Disorder_Forum,Tombomb
705,Delusional_Disorder_Forum,"Dissociation,_Depersonalisation_and_Derealisation",Tombomb
706,"Dissociation,_Depersonalisation_and_Derealisation",Eating_Disorders_Forum,Tombomb
707,Eating_Disorders_Forum,Autism_and_Mental_Health_Forum,Tombomb
708,Delusional_Disorder_Forum,Autism_and_Mental_Health_Forum,The Hatter
709,Borderline_Personality_Disorder_Forum,Autism_and_Mental_Health_Forum,Tony321
710,Borderline_Personality_Disorder_Forum,Autism_and_Mental_Health_Forum,mami5
711,Autism_and_Mental_Health_Forum,Anxiety_Forum,mami5
712,Depression_Forum,"Dissociation,_Depersonalisation_and_Derealisation",CabbageMama
713,"Dissociation,_Depersonalisation_and_Derealisation",Anxiety_Forum,CabbageMama
714,Anxiety_Forum,Eating_Disorders_Forum,CabbageMama
715,Eating_Disorders_Forum,Borderline_Personality_Disorder_Forum,CabbageMama
716,Borderline_Personality_Disorder_Forum,Bipolar_Forum,CabbageMama
717,Bipolar_Forum,Autism_and_Mental_Health_Forum,CabbageMama
718,Depression_Forum,Autism_and_Mental_Health_Forum,popcornfairy
719,Delusional_Disorder_Forum,Autism_and_Mental_Health_Forum,ATARI
720,Autism_and_Mental_Health_Forum,Eating_Disorders_Forum,ATARI
721,Bipolar_Forum,Autism_and_Mental_Health_Forum,Kittylove
722,Depression_Forum,Delusional_Disorder_Forum,flabbergasted
723,Delusional_Disorder_Forum,"Dissociation,_Depersonalisation_and_Derealisation",flabbergasted
724,"Dissociation,_Depersonalisation_and_Derealisation",Anxiety_Forum,flabbergasted
725,Anxiety_Forum,Eating_Disorders_Forum,flabbergasted
726,Eating_Disorders_Forum,Borderline_Personality_Disorder_Forum,flabbergasted
727,Borderline_Personality_Disorder_Forum,Bipolar_Forum,flabbergasted
728,Bipolar_Forum,Autism_and_Mental_Health_Forum,flabbergasted
729,Autism_and_Mental_Health_Forum,Eating_Disorders_Forum,Jacko314
730,Autism_and_Mental_Health_Forum,Eating_Disorders_Forum,Takingmybrain
731,Bipolar_Forum,Autism_and_Mental_Health_Forum,Nona
732,Delusional_Disorder_Forum,"Dissociation,_Depersonalisation_and_Derealisation",Scott N
733,"Dissociation,_Depersonalisation_and_Derealisation",Anxiety_Forum,Scott N
734,Anxiety_Forum,Borderline_Personality_Disorder_Forum,Scott N
735,Borderline_Personality_Disorder_Forum,Autism_and_Mental_Health_Forum,Scott N
736,Autism_and_Mental_Health_Forum,"Dissociation,_Depersonalisation_and_Derealisation",SicklyBloom
737,Autism_and_Mental_Health_Forum,Eating_Disorders_Forum,AlphaOmega
738,Delusional_Disorder_Forum,Bipolar_Forum,of3
739,Bipolar_Forum,Autism_and_Mental_Health_Forum,of3
740,Depression_Forum,Autism_and_Mental_Health_Forum,Smolbee
741,Dementia_Forum,Anxiety_Forum,Mister_Fabulous
742,Anxiety_Forum,Eating_Disorders_Forum,Mister_Fabulous
743,Eating_Disorders_Forum,Bipolar_Forum,Mister_Fabulous
744,Bipolar_Forum,Autism_and_Mental_Health_Forum,Mister_Fabulous
745,Dementia_Forum,Autism_and_Mental_Health_Forum,llittlelostlady
746,Depression_Forum,Delusional_Disorder_Forum,Seena Owen
747,Delusional_Disorder_Forum,"Dissociation,_Depersonalisation_and_Derealisation",Seena Owen
748,"Dissociation,_Depersonalisation_and_Derealisation",Anxiety_Forum,Seena Owen
749,Anxiety_Forum,Eating_Disorders_Forum,Seena Owen
750,Eating_Disorders_Forum,Borderline_Personality_Disorder_Forum,Seena Owen
751,Borderline_Personality_Disorder_Forum,Bipolar_Forum,Seena Owen
752,Bipolar_Forum,Autism_and_Mental_Health_Forum,Seena Owen
753,Autism_and_Mental_Health_Forum,"Dissociation,_Depersonalisation_and_Derealisation",Selfhealing
754,Dementia_Forum,Autism_and_Mental_Health_Forum,firemonkee57
755,Autism_and_Mental_Health_Forum,Anxiety_Forum,firemonkee57
756,Depression_Forum,Autism_and_Mental_Health_Forum,calamityjen
757,Autism_and_Mental_Health_Forum,Eating_Disorders_Forum,sapphiredreams
758,Dementia_Forum,Autism_and_Mental_Health_Forum,TheOwlOfTheRemove
759,Autism_and_Mental_Health_Forum,Anxiety_Forum,TheOwlOfTheRemove
760,Autism_and_Mental_Health_Forum,Anxiety_Forum,Mars_bar
761,Autism_and_Mental_Health_Forum,Eating_Disorders_Forum,lilyrxse
762,Delusional_Disorder_Forum,Bipolar_Forum,Wintergirl
763,Bipolar_Forum,Autism_and_Mental_Health_Forum,Wintergirl
764,Autism_and_Mental_Health_Forum,Eating_Disorders_Forum,Wintergirl
765,Autism_and_Mental_Health_Forum,Eating_Disorders_Forum,blueeyedbunny
766,Dementia_Forum,Delusional_Disorder_Forum,Dazey3
767,Delusional_Disorder_Forum,"Dissociation,_Depersonalisation_and_Derealisation",Dazey3
768,"Dissociation,_Depersonalisation_and_Derealisation",Anxiety_Forum,Dazey3
769,Anxiety_Forum,Eating_Disorders_Forum,Dazey3
770,Eating_Disorders_Forum,Borderline_Personality_Disorder_Forum,Dazey3
771,Borderline_Personality_Disorder_Forum,Autism_and_Mental_Health_Forum,Dazey3
772,Autism_and_Mental_Health_Forum,Anxiety_Forum,danmarkok89
773,Anxiety_Forum,Eating_Disorders_Forum,danmarkok89
774,Autism_and_Mental_Health_Forum,Eating_Disorders_Forum,blossomarachnid
775,Dementia_Forum,Depression_Forum,midnightphoenix
776,Depression_Forum,"Dissociation,_Depersonalisation_and_Derealisation",midnightphoenix
777,"Dissociation,_Depersonalisation_and_Derealisation",Anxiety_Forum,midnightphoenix
778,Anxiety_Forum,Borderline_Personality_Disorder_Forum,midnightphoenix
779,Borderline_Personality_Disorder_Forum,Bipolar_Forum,midnightphoenix
780,Bipolar_Forum,Autism_and_Mental_Health_Forum,midnightphoenix
781,Dementia_Forum,Autism_and_Mental_Health_Forum,paws4thought
782,Autism_and_Mental_Health_Forum,Anxiety_Forum,paws4thought
783,Delusional_Disorder_Forum,Autism_and_Mental_Health_Forum,Mantle
784,Autism_and_Mental_Health_Forum,"Dissociation,_Depersonalisation_and_Derealisation",Mantle
785,"Dissociation,_Depersonalisation_and_Derealisation",Eating_Disorders_Forum,Mantle
786,Bipolar_Forum,Autism_and_Mental_Health_Forum,dubblemonkey
787,Depression_Forum,Delusional_Disorder_Forum,T E_90
788,Delusional_Disorder_Forum,Anxiety_Forum,T E_90
789,Anxiety_Forum,Eating_Disorders_Forum,T E_90
790,Eating_Disorders_Forum,Borderline_Personality_Disorder_Forum,T E_90
791,Borderline_Personality_Disorder_Forum,Bipolar_Forum,T E_90
792,Bipolar_Forum,Autism_and_Mental_Health_Forum,T E_90
793,Autism_and_Mental_Health_Forum,"Dissociation,_Depersonalisation_and_Derealisation",SchizoaffectiveCat
794,Autism_and_Mental_Health_Forum,Eating_Disorders_Forum,Quietly Invisible
795,Delusional_Disorder_Forum,Autism_and_Mental_Health_Forum,Prince Charming
796,Autism_and_Mental_Health_Forum,"Dissociation,_Depersonalisation_and_Derealisation",Prince Charming
797,Delusional_Disorder_Forum,Autism_and_Mental_Health_Forum,Brent
798,Autism_and_Mental_Health_Forum,Eating_Disorders_Forum,Brent
799,Delusional_Disorder_Forum,Autism_and_Mental_Health_Forum,louieann
800,Autism_and_Mental_Health_Forum,Eating_Disorders_Forum,louieann
801,Bipolar_Forum,Autism_and_Mental_Health_Forum,ScarsThatIamHiding
802,Dementia_Forum,Delusional_Disorder_Forum,Hello513
803,Delusional_Disorder_Forum,Autism_and_Mental_Health_Forum,Hello513
804,Autism_and_Mental_Health_Forum,"Dissociation,_Depersonalisation_and_Derealisation",Hello513
805,Dementia_Forum,Anxiety_Forum,Maitri
806,Anxiety_Forum,Eating_Disorders_Forum,Maitri
807,Eating_Disorders_Forum,Borderline_Personality_Disorder_Forum,Maitri
808,Borderline_Personality_Disorder_Forum,Autism_and_Mental_Health_Forum,Maitri
809,Depression_Forum,Autism_and_Mental_Health_Forum,Wrath
810,Autism_and_Mental_Health_Forum,Eating_Disorders_Forum,Wrath
811,Bipolar_Forum,Autism_and_Mental_Health_Forum,BreathingDeeplyNow
812,Depression_Forum,Bipolar_Forum,KeepFighting22
813,Bipolar_Forum,Autism_and_Mental_Health_Forum,KeepFighting22
814,Autism_and_Mental_Health_Forum,Eating_Disorders_Forum,Queenie
815,Autism_and_Mental_Health_Forum,Eating_Disorders_Forum,OlderStudent
816,Delusional_Disorder_Forum,Autism_and_Mental_Health_Forum,Aroma21
817,Autism_and_Mental_Health_Forum,"Dissociation,_Depersonalisation_and_Derealisation",Aroma21
818,Dementia_Forum,Autism_and_Mental_Health_Forum,hairybanana
819,Autism_and_Mental_Health_Forum,"Dissociation,_Depersonalisation_and_Derealisation",hairybanana
820,Autism_and_Mental_Health_Forum,Eating_Disorders_Forum,Fancyharm
821,Autism_and_Mental_Health_Forum,Eating_Disorders_Forum,SM99
822,Autism_and_Mental_Health_Forum,"Dissociation,_Depersonalisation_and_Derealisation",Snowman12
823,Delusional_Disorder_Forum,Autism_and_Mental_Health_Forum,On Fire
824,Autism_and_Mental_Health_Forum,"Dissociation,_Depersonalisation_and_Derealisation",SuperPancake
825,Autism_and_Mental_Health_Forum,"Dissociation,_Depersonalisation_and_Derealisation",stygianiron222
826,Autism_and_Mental_Health_Forum,"Dissociation,_Depersonalisation_and_Derealisation",MoonShapedPool
827,Depression_Forum,Autism_and_Mental_Health_Forum,7777
828,Autism_and_Mental_Health_Forum,"Dissociation,_Depersonalisation_and_Derealisation",Oliver2019
829,Autism_and_Mental_Health_Forum,"Dissociation,_Depersonalisation_and_Derealisation",thebufftumblr
830,Depression_Forum,Anxiety_Forum,Hopeful313
831,Anxiety_Forum,Eating_Disorders_Forum,Hopeful313
832,Eating_Disorders_Forum,Borderline_Personality_Disorder_Forum,Hopeful313
833,Borderline_Personality_Disorder_Forum,Bipolar_Forum,Hopeful313
834,Bipolar_Forum,Autism_and_Mental_Health_Forum,Hopeful313
835,Borderline_Personality_Disorder_Forum,Autism_and_Mental_Health_Forum,daffy
836,Autism_and_Mental_Health_Forum,Dementia_Forum,daffy
837,Dementia_Forum,"Dissociation,_Depersonalisation_and_Derealisation",daffy
838,Autism_and_Mental_Health_Forum,"Dissociation,_Depersonalisation_and_Derealisation",Summery
839,Dementia_Forum,Depression_Forum,Purpleplum
840,Depression_Forum,Anxiety_Forum,Purpleplum
841,Anxiety_Forum,Eating_Disorders_Forum,Purpleplum
842,Eating_Disorders_Forum,Borderline_Personality_Disorder_Forum,Purpleplum
843,Borderline_Personality_Disorder_Forum,Autism_and_Mental_Health_Forum,Purpleplum
844,Bipolar_Forum,Autism_and_Mental_Health_Forum,Ghost_Owl
845,Autism_and_Mental_Health_Forum,Anxiety_Forum,Ghost_Owl
846,Dementia_Forum,Autism_and_Mental_Health_Forum,sadgirl
847,Autism_and_Mental_Health_Forum,Eating_Disorders_Forum,sadgirl
848,Borderline_Personality_Disorder_Forum,Autism_and_Mental_Health_Forum,Beta012
849,Autism_and_Mental_Health_Forum,Anxiety_Forum,Beta012
850,Anxiety_Forum,"Dissociation,_Depersonalisation_and_Derealisation",Beta012
851,Autism_and_Mental_Health_Forum,"Dissociation,_Depersonalisation_and_Derealisation",Talina
852,Dementia_Forum,Autism_and_Mental_Health_Forum,karl7
853,Autism_and_Mental_Health_Forum,"Dissociation,_Depersonalisation_and_Derealisation",karl7
854,"Dissociation,_Depersonalisation_and_Derealisation",Eating_Disorders_Forum,karl7
855,Dementia_Forum,Autism_and_Mental_Health_Forum,Frosty1
856,Autism_and_Mental_Health_Forum,"Dissociation,_Depersonalisation_and_Derealisation",Frosty1
857,Autism_and_Mental_Health_Forum,"Dissociation,_Depersonalisation_and_Derealisation",Drain
858,Borderline_Personality_Disorder_Forum,Depression_Forum,EstherRose94
859,Depression_Forum,Autism_and_Mental_Health_Forum,EstherRose94
860,Autism_and_Mental_Health_Forum,Dementia_Forum,EstherRose94
861,Dementia_Forum,Depression_Forum,IWILLOBTAINMENTALHEALTH
862,Depression_Forum,Bipolar_Forum,IWILLOBTAINMENTALHEALTH
863,Bipolar_Forum,Autism_and_Mental_Health_Forum,IWILLOBTAINMENTALHEALTH
864,Dementia_Forum,Autism_and_Mental_Health_Forum,alexolly2006
865,Delusional_Disorder_Forum,Autism_and_Mental_Health_Forum,AntipsychoticREFUGEE
866,Borderline_Personality_Disorder_Forum,Autism_and_Mental_Health_Forum,Deleted member 91323
867,Autism_and_Mental_Health_Forum,Dementia_Forum,Deleted member 91323
868,Dementia_Forum,"Dissociation,_Depersonalisation_and_Derealisation",Deleted member 91323
869,Dementia_Forum,Autism_and_Mental_Health_Forum,Murasakibee
870,Autism_and_Mental_Health_Forum,Anxiety_Forum,Murasakibee
871,Dementia_Forum,Autism_and_Mental_Health_Forum,Kavaris
872,Autism_and_Mental_Health_Forum,"Dissociation,_Depersonalisation_and_Derealisation",Kavaris
873,"Dissociation,_Depersonalisation_and_Derealisation",Eating_Disorders_Forum,Kavaris
874,Autism_and_Mental_Health_Forum,"Dissociation,_Depersonalisation_and_Derealisation",Shill
875,Autism_and_Mental_Health_Forum,"Dissociation,_Depersonalisation_and_Derealisation",Intareseid
876,Dementia_Forum,"Dissociation,_Depersonalisation_and_Derealisation",Nukelavee
877,"Dissociation,_Depersonalisation_and_Derealisation",Anxiety_Forum,Nukelavee
878,Anxiety_Forum,Borderline_Personality_Disorder_Forum,Nukelavee
879,Borderline_Personality_Disorder_Forum,Autism_and_Mental_Health_Forum,Nukelavee
880,Autism_and_Mental_Health_Forum,"Dissociation,_Depersonalisation_and_Derealisation",Lavender_Rose
881,Borderline_Personality_Disorder_Forum,Depression_Forum,OmniscientNihilist
882,Depression_Forum,Autism_and_Mental_Health_Forum,OmniscientNihilist
883,Autism_and_Mental_Health_Forum,"Dissociation,_Depersonalisation_and_Derealisation",OmniscientNihilist
884,Dementia_Forum,Bipolar_Forum,Black Despondency
885,Bipolar_Forum,Autism_and_Mental_Health_Forum,Black Despondency
886,Borderline_Personality_Disorder_Forum,Bipolar_Forum,dewey
887,Bipolar_Forum,Autism_and_Mental_Health_Forum,dewey
888,Autism_and_Mental_Health_Forum,Anxiety_Forum,Lunar Lady
889,Autism_and_Mental_Health_Forum,Anxiety_Forum,dabearwiffdasammich
890,Anxiety_Forum,Eating_Disorders_Forum,dabearwiffdasammich
891,Eating_Disorders_Forum,"Dissociation,_Depersonalisation_and_Derealisation",dabearwiffdasammich
892,Dementia_Forum,Autism_and_Mental_Health_Forum,Antimatter
893,Autism_and_Mental_Health_Forum,Anxiety_Forum,Antimatter
894,Anxiety_Forum,Eating_Disorders_Forum,Antimatter
895,Depression_Forum,Autism_and_Mental_Health_Forum,Hillman hunter
896,Autism_and_Mental_Health_Forum,"Dissociation,_Depersonalisation_and_Derealisation",Deleted member 93850
897,Dementia_Forum,Autism_and_Mental_Health_Forum,Jomp
898,Autism_and_Mental_Health_Forum,"Dissociation,_Depersonalisation_and_Derealisation",Lizaje
899,"Dissociation,_Depersonalisation_and_Derealisation",Eating_Disorders_Forum,Lizaje
900,Borderline_Personality_Disorder_Forum,Autism_and_Mental_Health_Forum,Mayfair
901,Autism_and_Mental_Health_Forum,Dementia_Forum,Mayfair
902,Dementia_Forum,Autism_and_Mental_Health_Forum,mal blue moon
903,Borderline_Personality_Disorder_Forum,Autism_and_Mental_Health_Forum,introverted_drummer
904,Dementia_Forum,Autism_and_Mental_Health_Forum,Mario82
905,Autism_and_Mental_Health_Forum,Anxiety_Forum,YogiLife
906,Dementia_Forum,Autism_and_Mental_Health_Forum,Warrior
907,Dementia_Forum,Autism_and_Mental_Health_Forum,Ramson mash
908,Autism_and_Mental_Health_Forum,Eating_Disorders_Forum,Ramson mash
909,Autism_and_Mental_Health_Forum,Anxiety_Forum,Confusedandanxious
910,Dementia_Forum,Autism_and_Mental_Health_Forum,SarahD
911,Autism_and_Mental_Health_Forum,Anxiety_Forum,SarahD
912,Dementia_Forum,Depression_Forum,Kerome
913,Depression_Forum,Autism_and_Mental_Health_Forum,Kerome
914,Autism_and_Mental_Health_Forum,"Dissociation,_Depersonalisation_and_Derealisation",Heart_moon
915,Dementia_Forum,Autism_and_Mental_Health_Forum,Azelka
916,Autism_and_Mental_Health_Forum,"Dissociation,_Depersonalisation_and_Derealisation",angels egg
917,Dementia_Forum,Depression_Forum,Poopy Doll
918,Depression_Forum,Delusional_Disorder_Forum,Poopy Doll
919,Delusional_Disorder_Forum,Bipolar_Forum,Poopy Doll
920,Bipolar_Forum,Autism_and_Mental_Health_Forum,Poopy Doll
921,Autism_and_Mental_Health_Forum,"Dissociation,_Depersonalisation_and_Derealisation",clouds1999
922,Dementia_Forum,Autism_and_Mental_Health_Forum,claude
923,Dementia_Forum,Depression_Forum,SomersetScorpio
924,Depression_Forum,"Dissociation,_Depersonalisation_and_Derealisation",SomersetScorpio
925,"Dissociation,_Depersonalisation_and_Derealisation",Anxiety_Forum,SomersetScorpio
926,Anxiety_Forum,Borderline_Personality_Disorder_Forum,SomersetScorpio
927,Borderline_Personality_Disorder_Forum,Autism_and_Mental_Health_Forum,SomersetScorpio
928,Autism_and_Mental_Health_Forum,Anxiety_Forum,spiritfriend
929,Dementia_Forum,Depression_Forum,R_Sxo
930,Depression_Forum,Autism_and_Mental_Health_Forum,R_Sxo
931,Autism_and_Mental_Health_Forum,Anxiety_Forum,R_Sxo
932,Depression_Forum,Autism_and_Mental_Health_Forum,Helena1
933,Autism_and_Mental_Health_Forum,Eating_Disorders_Forum,Helena1
934,Dementia_Forum,Autism_and_Mental_Health_Forum,Zig Zag
935,Dementia_Forum,Autism_and_Mental_Health_Forum,exyz
936,Dementia_Forum,Autism_and_Mental_Health_Forum,When In Rome
937,Dementia_Forum,Depression_Forum,Prairie Sky
938,Depression_Forum,Autism_and_Mental_Health_Forum,Prairie Sky
939,Dementia_Forum,Autism_and_Mental_Health_Forum,Jaminacaranda
940,Dementia_Forum,Depression_Forum,blacksmoke
941,Depression_Forum,"Dissociation,_Depersonalisation_and_Derealisation",blacksmoke
942,"Dissociation,_Depersonalisation_and_Derealisation",Anxiety_Forum,blacksmoke
943,Anxiety_Forum,Autism_and_Mental_Health_Forum,blacksmoke
944,Dementia_Forum,Autism_and_Mental_Health_Forum,Rusalochka
945,Dementia_Forum,Depression_Forum,Zardos
946,Depression_Forum,Anxiety_Forum,Zardos
947,Anxiety_Forum,Borderline_Personality_Disorder_Forum,Zardos
948,Borderline_Personality_Disorder_Forum,Bipolar_Forum,Zardos
949,Bipolar_Forum,Autism_and_Mental_Health_Forum,Zardos
950,Borderline_Personality_Disorder_Forum,Autism_and_Mental_Health_Forum,TheRedStar
951,Autism_and_Mental_Health_Forum,Dementia_Forum,TheRedStar
952,Depression_Forum,Anxiety_Forum,misanthropic_eagle
953,Depression_Forum,Anxiety_Forum,JamesSalhouse1973
954,Depression_Forum,Anxiety_Forum,Rosethorn78
955,Depression_Forum,Anxiety_Forum,Undesirable Outcast
956,Depression_Forum,Anxiety_Forum,Gerald Somersby
957,Anxiety_Forum,Eating_Disorders_Forum,Bhonest
958,Borderline_Personality_Disorder_Forum,Anxiety_Forum,losingme1989
959,Dementia_Forum,Anxiety_Forum,Marianda
960,Depression_Forum,Anxiety_Forum,ShySparrow
961,Depression_Forum,Anxiety_Forum,Dazed & Confused
962,Anxiety_Forum,Eating_Disorders_Forum,Dazed & Confused
963,Eating_Disorders_Forum,"Dissociation,_Depersonalisation_and_Derealisation",Dazed & Confused
964,Depression_Forum,Anxiety_Forum,eno
965,Depression_Forum,Delusional_Disorder_Forum,EclipticNight
966,Delusional_Disorder_Forum,"Dissociation,_Depersonalisation_and_Derealisation",EclipticNight
967,"Dissociation,_Depersonalisation_and_Derealisation",Anxiety_Forum,EclipticNight
968,Anxiety_Forum,Eating_Disorders_Forum,EclipticNight
969,Eating_Disorders_Forum,Borderline_Personality_Disorder_Forum,EclipticNight
970,Bipolar_Forum,Depression_Forum,DepressedLibra
971,Depression_Forum,Anxiety_Forum,DepressedLibra
972,Depression_Forum,Anxiety_Forum,SaraMarie
973,Borderline_Personality_Disorder_Forum,Anxiety_Forum,Azor
974,Depression_Forum,Anxiety_Forum,Hook
975,Bipolar_Forum,Anxiety_Forum,Bathfiller
976,Depression_Forum,Anxiety_Forum,Bernard soares
977,Depression_Forum,Anxiety_Forum,Ele123
978,Borderline_Personality_Disorder_Forum,Bipolar_Forum,berg1885
979,Bipolar_Forum,Depression_Forum,berg1885
980,Depression_Forum,Anxiety_Forum,berg1885
981,Anxiety_Forum,Eating_Disorders_Forum,Foxjo
982,Dementia_Forum,Anxiety_Forum,Inie
983,Borderline_Personality_Disorder_Forum,Bipolar_Forum,Becstasurvivor
984,Bipolar_Forum,Depression_Forum,Becstasurvivor
985,Depression_Forum,Anxiety_Forum,Becstasurvivor
986,Depression_Forum,Anxiety_Forum,AnkoJoe123
987,Depression_Forum,Anxiety_Forum,Melancholic Mage
988,Depression_Forum,Anxiety_Forum,Copter
989,Borderline_Personality_Disorder_Forum,Bipolar_Forum,Bearcat52
990,Bipolar_Forum,Anxiety_Forum,Bearcat52
991,Bipolar_Forum,Depression_Forum,charuri
992,Depression_Forum,Anxiety_Forum,charuri
993,Bipolar_Forum,Depression_Forum,Backwoods Beast
994,Depression_Forum,Anxiety_Forum,Backwoods Beast
995,Anxiety_Forum,"Dissociation,_Depersonalisation_and_Derealisation",Backwoods Beast
996,Bipolar_Forum,Anxiety_Forum,Phil10
997,Anxiety_Forum,"Dissociation,_Depersonalisation_and_Derealisation",Phil10
998,Dementia_Forum,Anxiety_Forum,Argon
999,Bipolar_Forum,Anxiety_Forum,siliconom
1000,Depression_Forum,Anxiety_Forum,instrumental_goal
1001,Bipolar_Forum,Depression_Forum,BeHealthy
1002,Depression_Forum,Anxiety_Forum,BeHealthy
1003,Borderline_Personality_Disorder_Forum,Delusional_Disorder_Forum,Trampling
1004,Delusional_Disorder_Forum,Depression_Forum,Trampling
1005,Depression_Forum,Anxiety_Forum,Trampling
1006,Anxiety_Forum,"Dissociation,_Depersonalisation_and_Derealisation",cloudspy
1007,Dementia_Forum,Depression_Forum,natalie
1008,Depression_Forum,Delusional_Disorder_Forum,natalie
1009,Delusional_Disorder_Forum,Anxiety_Forum,natalie
1010,Anxiety_Forum,Eating_Disorders_Forum,natalie
1011,Eating_Disorders_Forum,Borderline_Personality_Disorder_Forum,natalie
1012,Borderline_Personality_Disorder_Forum,Bipolar_Forum,JKM
1013,Bipolar_Forum,Depression_Forum,JKM
1014,Depression_Forum,Anxiety_Forum,JKM
1015,Dementia_Forum,Anxiety_Forum,Edinscotbrit
1016,Depression_Forum,Anxiety_Forum,Rory321
1017,Anxiety_Forum,"Dissociation,_Depersonalisation_and_Derealisation",Crispy76
1018,Bipolar_Forum,Anxiety_Forum,verywellmind2022
1019,Depression_Forum,Anxiety_Forum,Ambrose
1020,Depression_Forum,Anxiety_Forum,LivinWithAnxiety
1021,Borderline_Personality_Disorder_Forum,Bipolar_Forum,Una vailable
1022,Bipolar_Forum,Anxiety_Forum,Una vailable
1023,Dementia_Forum,Depression_Forum,Karmaman
1024,Depression_Forum,Anxiety_Forum,Karmaman
1025,Borderline_Personality_Disorder_Forum,Anxiety_Forum,Medusa64
1026,Dementia_Forum,Depression_Forum,Oyster
1027,Depression_Forum,Anxiety_Forum,Oyster
1028,Bipolar_Forum,Anxiety_Forum,Pollypop
1029,Anxiety_Forum,Eating_Disorders_Forum,Pollypop
1030,Eating_Disorders_Forum,"Dissociation,_Depersonalisation_and_Derealisation",Pollypop
1031,Dementia_Forum,Anxiety_Forum,Rose19602
1032,Borderline_Personality_Disorder_Forum,Bipolar_Forum,Blooming
1033,Bipolar_Forum,Depression_Forum,Blooming
1034,Depression_Forum,Anxiety_Forum,Blooming
1035,Borderline_Personality_Disorder_Forum,Anxiety_Forum,DinoMinds
1036,Borderline_Personality_Disorder_Forum,Depression_Forum,Joules
1037,Depression_Forum,Anxiety_Forum,Joules
1038,Depression_Forum,Anxiety_Forum,Peace_Of_Heaven
1039,Depression_Forum,Anxiety_Forum,Knapper
1040,Borderline_Personality_Disorder_Forum,Bipolar_Forum,Kygoldy
1041,Bipolar_Forum,Depression_Forum,Kygoldy
1042,Depression_Forum,Anxiety_Forum,Kygoldy
1043,Borderline_Personality_Disorder_Forum,Anxiety_Forum,DisorderedSloth
1044,Anxiety_Forum,Eating_Disorders_Forum,DisorderedSloth
1045,Borderline_Personality_Disorder_Forum,Depression_Forum,Hopeful Harry
1046,Depression_Forum,Anxiety_Forum,Hopeful Harry
1047,Borderline_Personality_Disorder_Forum,Depression_Forum,Pharaoh
1048,Depression_Forum,Anxiety_Forum,Pharaoh
1049,Depression_Forum,Anxiety_Forum,Lilly38
1050,Depression_Forum,Anxiety_Forum,swift_lake
1051,Anxiety_Forum,Eating_Disorders_Forum,Elivxwithxaniety
1052,Depression_Forum,Anxiety_Forum,xf3ather
1053,Depression_Forum,Anxiety_Forum,Coolprince
1054,Borderline_Personality_Disorder_Forum,Bipolar_Forum,megirl
1055,Bipolar_Forum,Anxiety_Forum,megirl
1056,Bipolar_Forum,Anxiety_Forum,lost mind
1057,Borderline_Personality_Disorder_Forum,Depression_Forum,Bluelullaby
1058,Depression_Forum,Anxiety_Forum,Bluelullaby
1059,Delusional_Disorder_Forum,Anxiety_Forum,lonelyguy90
1060,Depression_Forum,Anxiety_Forum,KittyCat92
1061,Anxiety_Forum,"Dissociation,_Depersonalisation_and_Derealisation",KittyCat92
1062,Borderline_Personality_Disorder_Forum,Depression_Forum,Morax
1063,Depression_Forum,Anxiety_Forum,Morax
1064,Borderline_Personality_Disorder_Forum,Anxiety_Forum,smart9
1065,Borderline_Personality_Disorder_Forum,Anxiety_Forum,Until
1066,Depression_Forum,Anxiety_Forum,Manicotti
1067,Anxiety_Forum,Eating_Disorders_Forum,Manicotti
1068,Eating_Disorders_Forum,Borderline_Personality_Disorder_Forum,Manicotti
1069,Borderline_Personality_Disorder_Forum,Bipolar_Forum,Manicotti
1070,Borderline_Personality_Disorder_Forum,Delusional_Disorder_Forum,OntheBorderline
1071,Delusional_Disorder_Forum,Anxiety_Forum,OntheBorderline
1072,Bipolar_Forum,Anxiety_Forum,Ms Melancholy
1073,Anxiety_Forum,Eating_Disorders_Forum,DottySharp
1074,Borderline_Personality_Disorder_Forum,Anxiety_Forum,catkin
1075,Borderline_Personality_Disorder_Forum,Bipolar_Forum,Reach
1076,Bipolar_Forum,Anxiety_Forum,Reach
1077,Anxiety_Forum,"Dissociation,_Depersonalisation_and_Derealisation",Mister.B
1078,Borderline_Personality_Disorder_Forum,Anxiety_Forum,BlueGlass
1079,Dementia_Forum,Delusional_Disorder_Forum,frisas45
1080,Delusional_Disorder_Forum,"Dissociation,_Depersonalisation_and_Derealisation",frisas45
1081,"Dissociation,_Depersonalisation_and_Derealisation",Anxiety_Forum,frisas45
1082,Anxiety_Forum,Bipolar_Forum,frisas45
1083,Bipolar_Forum,Anxiety_Forum,Dromio24
1084,Depression_Forum,Anxiety_Forum,ginger_juicy
1085,Depression_Forum,Anxiety_Forum,MrBond007
1086,Depression_Forum,Anxiety_Forum,Sad Mermaid
1087,Delusional_Disorder_Forum,"Dissociation,_Depersonalisation_and_Derealisation",BlueSkies1530
1088,"Dissociation,_Depersonalisation_and_Derealisation",Anxiety_Forum,BlueSkies1530
1089,Anxiety_Forum,Borderline_Personality_Disorder_Forum,BlueSkies1530
1090,Borderline_Personality_Disorder_Forum,Bipolar_Forum,BlueSkies1530
1091,Depression_Forum,Anxiety_Forum,Miliana
1092,Anxiety_Forum,"Dissociation,_Depersonalisation_and_Derealisation",Miliana
1093,Anxiety_Forum,Eating_Disorders_Forum,Missingmilestones
1094,Depression_Forum,Anxiety_Forum,eternaltao
1095,Dementia_Forum,Bipolar_Forum,Prospector
1096,Bipolar_Forum,Depression_Forum,strangemagic8899
1097,Dementia_Forum,Bipolar_Forum,Tiny Dancer
1098,Bipolar_Forum,Depression_Forum,Tiny Dancer
1099,Depression_Forum,Eating_Disorders_Forum,Tiny Dancer
1100,Bipolar_Forum,"Dissociation,_Depersonalisation_and_Derealisation",Tiger_202
1101,Delusional_Disorder_Forum,Bipolar_Forum,Nate
1102,Bipolar_Forum,Depression_Forum,Nate
1103,Bipolar_Forum,Depression_Forum,Math311
1104,Borderline_Personality_Disorder_Forum,Bipolar_Forum,butterflykisses
1105,Bipolar_Forum,Eating_Disorders_Forum,butterflykisses
1106,Bipolar_Forum,Depression_Forum,David5211
1107,Bipolar_Forum,Depression_Forum,LadyDomino
1108,Borderline_Personality_Disorder_Forum,Bipolar_Forum,sadgirl79
1109,Bipolar_Forum,Eating_Disorders_Forum,sadgirl79
1110,Delusional_Disorder_Forum,Bipolar_Forum,Alda
1111,Borderline_Personality_Disorder_Forum,Bipolar_Forum,KongLong Fang
1112,Borderline_Personality_Disorder_Forum,Bipolar_Forum,roses
1113,Bipolar_Forum,Eating_Disorders_Forum,roses
1114,Borderline_Personality_Disorder_Forum,Bipolar_Forum,amathus
1115,Bipolar_Forum,"Dissociation,_Depersonalisation_and_Derealisation",amathus
1116,Bipolar_Forum,Eating_Disorders_Forum,daisydoo
1117,Dementia_Forum,Bipolar_Forum,letmein
1118,Bipolar_Forum,Depression_Forum,Frankum35
1119,Depression_Forum,Eating_Disorders_Forum,Frankum35
1120,Bipolar_Forum,Depression_Forum,virgo22
1121,Depression_Forum,"Dissociation,_Depersonalisation_and_Derealisation",virgo22
1122,Delusional_Disorder_Forum,Bipolar_Forum,boffin1252
1123,Borderline_Personality_Disorder_Forum,Bipolar_Forum,BrightEyedGirl
1124,Depression_Forum,"Dissociation,_Depersonalisation_and_Derealisation",Waverunner
1125,"Dissociation,_Depersonalisation_and_Derealisation",Eating_Disorders_Forum,Waverunner
1126,Eating_Disorders_Forum,Borderline_Personality_Disorder_Forum,Waverunner
1127,Borderline_Personality_Disorder_Forum,Bipolar_Forum,Waverunner
1128,Bipolar_Forum,Depression_Forum,EarthChild
1129,Bipolar_Forum,Depression_Forum,worthless2
1130,Borderline_Personality_Disorder_Forum,Bipolar_Forum,Miss Moody
1131,Bipolar_Forum,"Dissociation,_Depersonalisation_and_Derealisation",jacq78
1132,Dementia_Forum,Bipolar_Forum,BorderlineDownunder
1133,Bipolar_Forum,Depression_Forum,BorderlineDownunder
1134,Bipolar_Forum,Eating_Disorders_Forum,boblano
1135,Borderline_Personality_Disorder_Forum,Bipolar_Forum,DepressedMusician
1136,Borderline_Personality_Disorder_Forum,Bipolar_Forum,keepsafe
1137,Bipolar_Forum,Dementia_Forum,keepsafe
1138,Borderline_Personality_Disorder_Forum,Bipolar_Forum,Dedus 8
1139,Borderline_Personality_Disorder_Forum,Delusional_Disorder_Forum,Ron76
1140,Delusional_Disorder_Forum,Bipolar_Forum,Ron76
1141,Bipolar_Forum,"Dissociation,_Depersonalisation_and_Derealisation",Ron76
1142,Borderline_Personality_Disorder_Forum,Bipolar_Forum,Chris B
1143,Bipolar_Forum,Depression_Forum,runninghope
1144,Borderline_Personality_Disorder_Forum,Bipolar_Forum,artistTN
1145,Bipolar_Forum,"Dissociation,_Depersonalisation_and_Derealisation",Lady Lokii
1146,Borderline_Personality_Disorder_Forum,Depression_Forum,Bus Stop
1147,Borderline_Personality_Disorder_Forum,Depression_Forum,Bobbyewing
1148,Borderline_Personality_Disorder_Forum,Dementia_Forum,Toasted Crumpet
1149,Borderline_Personality_Disorder_Forum,Dementia_Forum,Rowan
1150,Borderline_Personality_Disorder_Forum,Depression_Forum,sanatio10
1151,Borderline_Personality_Disorder_Forum,Dementia_Forum,itsmeagain
1152,Borderline_Personality_Disorder_Forum,"Dissociation,_Depersonalisation_and_Derealisation",Louizard
1153,Borderline_Personality_Disorder_Forum,Depression_Forum,Mistral
1154,Borderline_Personality_Disorder_Forum,Dementia_Forum,RainbowHeartz
1155,Dementia_Forum,"Dissociation,_Depersonalisation_and_Derealisation",RainbowHeartz
1156,Borderline_Personality_Disorder_Forum,Depression_Forum,Am33
1157,Depression_Forum,"Dissociation,_Depersonalisation_and_Derealisation",Am33
1158,Borderline_Personality_Disorder_Forum,Dementia_Forum,Purple Chaos
1159,Borderline_Personality_Disorder_Forum,Dementia_Forum,notrealname
1160,Borderline_Personality_Disorder_Forum,"Dissociation,_Depersonalisation_and_Derealisation",dib4uk
1161,"Dissociation,_Depersonalisation_and_Derealisation",Eating_Disorders_Forum,dib4uk
1162,Borderline_Personality_Disorder_Forum,Eating_Disorders_Forum,Hasbeen
1163,Borderline_Personality_Disorder_Forum,Delusional_Disorder_Forum,confused31
1164,Borderline_Personality_Disorder_Forum,"Dissociation,_Depersonalisation_and_Derealisation",Vegay
1165,Borderline_Personality_Disorder_Forum,"Dissociation,_Depersonalisation_and_Derealisation",I_Was_Punished
1166,Borderline_Personality_Disorder_Forum,Depression_Forum,ThepianoGoldfish
1167,Depression_Forum,Eating_Disorders_Forum,ThepianoGoldfish
1168,Borderline_Personality_Disorder_Forum,Eating_Disorders_Forum,selenophile
1169,Borderline_Personality_Disorder_Forum,Depression_Forum,Polyphonic
1170,Borderline_Personality_Disorder_Forum,"Dissociation,_Depersonalisation_and_Derealisation",Racer
1171,"Dissociation,_Depersonalisation_and_Derealisation",Eating_Disorders_Forum,Racer
1172,Borderline_Personality_Disorder_Forum,Eating_Disorders_Forum,Gia Kaysen 02360
1173,Borderline_Personality_Disorder_Forum,Depression_Forum,Urban_Spaceman
1174,Borderline_Personality_Disorder_Forum,Eating_Disorders_Forum,cry
1175,Borderline_Personality_Disorder_Forum,Dementia_Forum,Gajolene
1176,Dementia_Forum,"Dissociation,_Depersonalisation_and_Derealisation",Gajolene
1177,Borderline_Personality_Disorder_Forum,Dementia_Forum,prairiechick
1178,Borderline_Personality_Disorder_Forum,Dementia_Forum,findingmyownway
1179,Borderline_Personality_Disorder_Forum,"Dissociation,_Depersonalisation_and_Derealisation",IndigoCorkscrew
1180,Borderline_Personality_Disorder_Forum,Eating_Disorders_Forum,vxmpire
1181,Borderline_Personality_Disorder_Forum,"Dissociation,_Depersonalisation_and_Derealisation",MollyBloom
1182,"Dissociation,_Depersonalisation_and_Derealisation",Eating_Disorders_Forum,MollyBloom
1183,Borderline_Personality_Disorder_Forum,"Dissociation,_Depersonalisation_and_Derealisation",jun0_7
1184,"Dissociation,_Depersonalisation_and_Derealisation",Eating_Disorders_Forum,jun0_7
1185,Borderline_Personality_Disorder_Forum,Eating_Disorders_Forum,TiredTina
1186,Borderline_Personality_Disorder_Forum,Depression_Forum,Talula67
1187,Depression_Forum,Eating_Disorders_Forum,Talula67
1188,Borderline_Personality_Disorder_Forum,Depression_Forum,Rendell
1189,Delusional_Disorder_Forum,Depression_Forum,Sophie
1190,Depression_Forum,"Dissociation,_Depersonalisation_and_Derealisation",Sophie
1191,Delusional_Disorder_Forum,Eating_Disorders_Forum,ZoltantheIgor32
1192,Delusional_Disorder_Forum,Depression_Forum,runescape
1193,Depression_Forum,Eating_Disorders_Forum,runescape
1194,Delusional_Disorder_Forum,Depression_Forum,LokiPokey75
1195,Delusional_Disorder_Forum,Eating_Disorders_Forum,Ocean Blue
1196,Delusional_Disorder_Forum,"Dissociation,_Depersonalisation_and_Derealisation",Craigy222
1197,Delusional_Disorder_Forum,Eating_Disorders_Forum,Universechild
1198,Dementia_Forum,Depression_Forum,Bod
1199,Depression_Forum,Delusional_Disorder_Forum,Bod
1200,Delusional_Disorder_Forum,"Dissociation,_Depersonalisation_and_Derealisation",Bod
1201,"Dissociation,_Depersonalisation_and_Derealisation",Eating_Disorders_Forum,Bod
1202,Delusional_Disorder_Forum,Depression_Forum,Kotter
1203,Delusional_Disorder_Forum,"Dissociation,_Depersonalisation_and_Derealisation",Shredz
1204,"Dissociation,_Depersonalisation_and_Derealisation",Eating_Disorders_Forum,Shredz
1205,Dementia_Forum,"Dissociation,_Depersonalisation_and_Derealisation",whiskers
1206,Dementia_Forum,Depression_Forum,ManDss
1207,Depression_Forum,"Dissociation,_Depersonalisation_and_Derealisation",ManDss
1208,"Dissociation,_Depersonalisation_and_Derealisation",Eating_Disorders_Forum,ManDss
1209,Dementia_Forum,Depression_Forum,Sugaree
1210,Depression_Forum,"Dissociation,_Depersonalisation_and_Derealisation",Sugaree
1211,Dementia_Forum,Depression_Forum,jamraspberry
1212,Depression_Forum,Eating_Disorders_Forum,jamraspberry
1213,Dementia_Forum,"Dissociation,_Depersonalisation_and_Derealisation",Hell00justme
1214,Dementia_Forum,Eating_Disorders_Forum,BEASTMODEWARRIOR
1215,Dementia_Forum,Eating_Disorders_Forum,vangoghs
1216,Dementia_Forum,"Dissociation,_Depersonalisation_and_Derealisation",TheHeartHasAVoice
1217,Dementia_Forum,Depression_Forum,Cyclist
1218,Dementia_Forum,Depression_Forum,Deleted member 92692
1219,Dementia_Forum,"Dissociation,_Depersonalisation_and_Derealisation",carlita
1220,Dementia_Forum,"Dissociation,_Depersonalisation_and_Derealisation",NoOne5
1221,Dementia_Forum,"Dissociation,_Depersonalisation_and_Derealisation",toucan
1222,Dementia_Forum,"Dissociation,_Depersonalisation_and_Derealisation",micas
1223,Dementia_Forum,"Dissociation,_Depersonalisation_and_Derealisation",Headingtothelight
1224,Dementia_Forum,"Dissociation,_Depersonalisation_and_Derealisation",Mikefeelbad
1225,Dementia_Forum,Depression_Forum,Not_Crazy_Yet
1226,Dementia_Forum,Depression_Forum,madfryer
1227,Dementia_Forum,Depression_Forum,arwen
1228,Dementia_Forum,Depression_Forum,maybe.shes.a.wildflower
1229,Depression_Forum,Eating_Disorders_Forum,Randomuser18
1230,Depression_Forum,Eating_Disorders_Forum,Jt9889
1231,Depression_Forum,Eating_Disorders_Forum,Elidia
1232,Depression_Forum,"Dissociation,_Depersonalisation_and_Derealisation",GTP
1233,Depression_Forum,Eating_Disorders_Forum,kuroro
1234,Depression_Forum,"Dissociation,_Depersonalisation_and_Derealisation",maxitab
1235,Depression_Forum,Eating_Disorders_Forum,Lucy87x
1236,Depression_Forum,Eating_Disorders_Forum,Bluefish1973
1237,Depression_Forum,Eating_Disorders_Forum,Sally9
1238,Depression_Forum,Eating_Disorders_Forum,ChaiTea
1239,Depression_Forum,"Dissociation,_Depersonalisation_and_Derealisation",Witchymomma
1240,"Dissociation,_Depersonalisation_and_Derealisation",Eating_Disorders_Forum,Witchymomma
1241,"Dissociation,_Depersonalisation_and_Derealisation",Eating_Disorders_Forum,A Fancy Carp
1242,"Dissociation,_Depersonalisation_and_Derealisation",Eating_Disorders_Forum,Jesla
1243,"Dissociation,_Depersonalisation_and_Derealisation",Eating_Disorders_Forum,lifecangetbetter
1244,"Dissociation,_Depersonalisation_and_Derealisation",Eating_Disorders_Forum,TheParadoxCalledMe
1245,"Dissociation,_Depersonalisation_and_Derealisation",Eating_Disorders_Forum,FallingLeaves
1246,"Dissociation,_Depersonalisation_and_Derealisation",Eating_Disorders_Forum,Tealseal
1247,"Dissociation,_Depersonalisation_and_Derealisation",Eating_Disorders_Forum,anex
1248,"Dissociation,_Depersonalisation_and_Derealisation",Eating_Disorders_Forum,Solipsism
